instrument,datetime,nb_hold_pct,nb_hold_mv,nb_hold_pct_chg,nb_net_buy_ratio
SH600050,2024-08-16,,,,
SH601127,2024-08-16,,,,
SH601288,2024-08-16,,,,
SH600900,2024-08-16,,,,
SH605499,2024-08-16,,,,
SH601328,2024-08-16,,,,
SZ000001,2024-08-16,,,,
SZ002456,2024-08-16,,,,
SZ002475,2024-08-16,,,,
SH601398,2024-08-16,,,,
SZ300394,2024-08-16,,,,
SH601939,2024-08-16,,,,
SZ300502,2024-08-16,,,,
SH601668,2024-08-16,,,,
SZ000400,2024-08-16,,,,
SZ000988,2024-08-16,,,,
SH601658,2024-08-16,,,,
SZ000963,2024-08-16,,,,
SZ002463,2024-08-16,,,,
SZ300760,2024-08-16,,,,
SH601916,2024-08-16,,,,
SH600418,2024-08-16,,,,
SH605117,2024-08-16,,,,
SH601988,2024-08-16,,,,
SH600489,2024-08-16,,,,
SH601628,2024-08-16,,,,
SZ300274,2024-08-16,,,,
SH600312,2024-08-16,,,,
SH600519,2024-08-16,,,,
SH600016,2024-08-16,,,,
SH688256,2024-08-16,,,,
SH601601,2024-08-16,,,,
SZ300308,2024-08-16,,,,
SH601799,2024-08-16,,,,
SH601595,2024-08-16,,,,
SZ300418,2024-08-16,,,,
SH601838,2024-08-16,,,,
SZ300059,2024-08-16,,,,
SH601818,2024-08-16,,,,
SH600036,2024-08-16,,,,
SZ300630,2024-08-16,,,,
SH600028,2024-08-16,,,,
SH600926,2024-08-16,,,,
SZ002670,2024-08-16,,,,
SZ002001,2024-08-16,,,,
SH600276,2024-08-16,,,,
SH600183,2024-08-16,,,,
SH688676,2024-08-16,,,,
SZ300671,2024-08-16,,,,
SZ002028,2024-08-16,,,,
SZ300347,2024-08-16,,,,
SH600383,2024-08-16,,,,
SH600563,2024-08-16,,,,
SH601136,2024-08-16,,,,
SZ001696,2024-08-16,,,,
SH601138,2024-08-16,,,,
SH601009,2024-08-16,,,,
SH600256,2024-08-16,,,,
SZ300779,2024-08-16,,,,
SH603728,2024-08-16,,,,
SZ300803,2024-08-16,,,,
SH601318,2024-08-16,,,,
SH600893,2024-08-16,,,,
SH600999,2024-08-16,,,,
SZ300763,2024-08-16,,,,
SZ002020,2024-08-16,,,,
SZ002792,2024-08-16,,,,
SH600600,2024-08-16,,,,
SZ300033,2024-08-16,,,,
SH601665,2024-08-16,,,,
SZ000921,2024-08-16,,,,
SZ002311,2024-08-16,,,,
SZ000739,2024-08-16,,,,
SH600160,2024-08-16,,,,
SZ002273,2024-08-16,,,,
SZ300494,2024-08-16,,,,
SZ300613,2024-08-16,,,,
SZ002129,2024-08-16,,,,
SH603986,2024-08-16,,,,
SZ300633,2024-08-16,,,,
SH600015,2024-08-16,,,,
SZ002180,2024-08-16,,,,
SH601717,2024-08-16,,,,
SH600026,2024-08-16,,,,
SH688235,2024-08-16,,,,
SH601872,2024-08-16,,,,
SH688076,2024-08-16,,,,
SH600460,2024-08-16,,,,
SH601169,2024-08-16,,,,
SH688018,2024-08-16,,,,
SZ002436,2024-08-16,,,,
SH603738,2024-08-16,,,,
SH600079,2024-08-16,,,,
SZ300042,2024-08-16,,,,
SZ300735,2024-08-16,,,,
SH601166,2024-08-16,,,,
SH601825,2024-08-16,,,,
SZ300207,2024-08-16,,,,
SH600000,2024-08-16,,,,
SH603766,2024-08-16,,,,
SZ002847,2024-08-16,,,,
SZ300708,2024-08-16,,,,
SH603283,2024-08-16,,,,
SZ300002,2024-08-16,,,,
SZ300181,2024-08-16,,,,
SZ300580,2024-08-16,,,,
SZ301089,2024-08-16,,,,
SH603233,2024-08-16,,,,
SZ002036,2024-08-16,,,,
SH601698,2024-08-16,,,,
SZ300657,2024-08-16,,,,
SZ002600,2024-08-16,,,,
SZ000819,2024-08-16,,,,
SH600420,2024-08-16,,,,
SZ300790,2024-08-16,,,,
SH688318,2024-08-16,,,,
SZ002085,2024-08-16,,,,
SH688522,2024-08-16,,,,
SH688266,2024-08-16,,,,
SH600350,2024-08-16,,,,
SH605296,2024-08-16,,,,
SZ300602,2024-08-16,,,,
SZ000960,2024-08-16,,,,
SH603018,2024-08-16,,,,
SZ300302,2024-08-16,,,,
SZ002236,2024-08-16,,,,
SZ000099,2024-08-16,,,,
SH603220,2024-08-16,,,,
SH600188,2024-08-16,,,,
SH603099,2024-08-16,,,,
SH600176,2024-08-16,,,,
SH603337,2024-08-16,,,,
SH688352,2024-08-16,,,,
SZ301421,2024-08-16,,,,
SH600621,2024-08-16,,,,
SZ001339,2024-08-16,,,,
SH688617,2024-08-16,,,,
SZ002352,2024-08-16,,,,
SH601919,2024-08-16,,,,
SH603398,2024-08-16,,,,
SH688629,2024-08-16,,,,
SZ002840,2024-08-16,,,,
SZ000403,2024-08-16,,,,
SH603392,2024-08-16,,,,
SH600664,2024-08-16,,,,
SH688032,2024-08-16,,,,
SZ002845,2024-08-16,,,,
SH688668,2024-08-16,,,,
SZ002241,2024-08-16,,,,
SZ002055,2024-08-16,,,,
SZ002317,2024-08-16,,,,
SZ300158,2024-08-16,,,,
SZ002948,2024-08-16,,,,
SZ300232,2024-08-16,,,,
SH600577,2024-08-16,,,,
SH688596,2024-08-16,,,,
SZ000766,2024-08-16,,,,
SH600096,2024-08-16,,,,
SH601933,2024-08-16,,,,
SH601229,2024-08-16,,,,
SZ002920,2024-08-16,,,,
SZ300113,2024-08-16,,,,
SZ002876,2024-08-16,,,,
SZ000528,2024-08-16,,,,
SH600859,2024-08-16,,,,
SH601231,2024-08-16,,,,
SZ300115,2024-08-16,,,,
SZ000597,2024-08-16,,,,
SZ000915,2024-08-16,,,,
SH600733,2024-08-16,,,,
SH601921,2024-08-16,,,,
SZ300199,2024-08-16,,,,
SZ300408,2024-08-16,,,,
SH601319,2024-08-16,,,,
SZ000983,2024-08-16,,,,
SH688472,2024-08-16,,,,
SH600196,2024-08-16,,,,
SH600761,2024-08-16,,,,
SH600975,2024-08-16,,,,
SZ002030,2024-08-16,,,,
SZ301123,2024-08-16,,,,
SH688372,2024-08-16,,,,
SZ000768,2024-08-16,,,,
SZ301301,2024-08-16,,,,
SH601808,2024-08-16,,,,
SH603056,2024-08-16,,,,
SZ300373,2024-08-16,,,,
SH600582,2024-08-16,,,,
SH600438,2024-08-16,,,,
SZ000913,2024-08-16,,,,
SZ300766,2024-08-16,,,,
SZ300595,2024-08-16,,,,
SZ002106,2024-08-16,,,,
SZ301165,2024-08-16,,,,
SH688123,2024-08-16,,,,
SZ300294,2024-08-16,,,,
SH603027,2024-08-16,,,,
SZ002558,2024-08-16,,,,
SZ300705,2024-08-16,,,,
SH688166,2024-08-16,,,,
SZ002919,2024-08-16,,,,
SZ000538,2024-08-16,,,,
SZ300860,2024-08-16,,,,
SZ300183,2024-08-16,,,,
SZ002351,2024-08-16,,,,
SZ002017,2024-08-16,,,,
SH600095,2024-08-16,,,,
SZ300136,2024-08-16,,,,
SH601528,2024-08-16,,,,
SH603496,2024-08-16,,,,
SH601728,2024-08-16,,,,
SZ000901,2024-08-16,,,,
SZ002602,2024-08-16,,,,
SZ002681,2024-08-16,,,,
SZ002773,2024-08-16,,,,
SH600696,2024-08-16,,,,
SZ301550,2024-08-16,,,,
SZ002947,2024-08-16,,,,
SZ300677,2024-08-16,,,,
SZ300031,2024-08-16,,,,
SZ000823,2024-08-16,,,,
SH601156,2024-08-16,,,,
SH688408,2024-08-16,,,,
SZ002387,2024-08-16,,,,
SZ300548,2024-08-16,,,,
SH688981,2024-08-16,,,,
SH601952,2024-08-16,,,,
SZ300337,2024-08-16,,,,
SZ300233,2024-08-16,,,,
SZ300303,2024-08-16,,,,
SZ002611,2024-08-16,,,,
SZ002957,2024-08-16,,,,
SZ300331,2024-08-16,,,,
SZ002819,2024-08-16,,,,
SH601186,2024-08-16,,,,
SH688381,2024-08-16,,,,
SZ300114,2024-08-16,,,,
SZ002291,2024-08-16,,,,
SZ300558,2024-08-16,,,,
SH600326,2024-08-16,,,,
SZ002975,2024-08-16,,,,
SZ300007,2024-08-16,,,,
SZ300026,2024-08-16,,,,
SH600812,2024-08-16,,,,
SZ002285,2024-08-16,,,,
SZ300533,2024-08-16,,,,
SH603936,2024-08-16,,,,
SZ300077,2024-08-16,,,,
SZ002807,2024-08-16,,,,
SZ002409,2024-08-16,,,,
SZ301211,2024-08-16,,,,
SZ300806,2024-08-16,,,,
SZ301060,2024-08-16,,,,
SZ002318,2024-08-16,,,,
SH600718,2024-08-16,,,,
SZ002402,2024-08-16,,,,
SZ300088,2024-08-16,,,,
SZ301392,2024-08-16,,,,
SZ300684,2024-08-16,,,,
SZ300398,2024-08-16,,,,
SZ000828,2024-08-16,,,,
SZ002045,2024-08-16,,,,
SZ002913,2024-08-16,,,,
SZ301293,2024-08-16,,,,
SZ002399,2024-08-16,,,,
SZ300604,2024-08-16,,,,
SH600410,2024-08-16,,,,
SZ002901,2024-08-16,,,,
SH600020,2024-08-16,,,,
SH688083,2024-08-16,,,,
SZ002281,2024-08-16,,,,
SZ300827,2024-08-16,,,,
SH601336,2024-08-16,,,,
SH600339,2024-08-16,,,,
SZ300624,2024-08-16,,,,
SH601995,2024-08-16,,,,
SH600557,2024-08-16,,,,
SH601100,2024-08-16,,,,
SH600018,2024-08-16,,,,
SZ002579,2024-08-16,,,,
SZ000536,2024-08-16,,,,
SH601975,2024-08-16,,,,
SZ300814,2024-08-16,,,,
SZ300083,2024-08-16,,,,
SZ300049,2024-08-16,,,,
SZ002405,2024-08-16,,,,
SH688535,2024-08-16,,,,
SZ002605,2024-08-16,,,,
SH603355,2024-08-16,,,,
SH688095,2024-08-16,,,,
SH600062,2024-08-16,,,,
SH603327,2024-08-16,,,,
SZ300401,2024-08-16,,,,
SZ301051,2024-08-16,,,,
SZ300761,2024-08-16,,,,
SH688521,2024-08-16,,,,
SH600329,2024-08-16,,,,
SH600129,2024-08-16,,,,
SH600572,2024-08-16,,,,
SH688182,2024-08-16,,,,
SZ301348,2024-08-16,,,,
SH600820,2024-08-16,,,,
SH688609,2024-08-16,,,,
SZ002262,2024-08-16,,,,
SZ002609,2024-08-16,,,,
SH603421,2024-08-16,,,,
SZ002449,2024-08-16,,,,
SH603629,2024-08-16,,,,
SH600760,2024-08-16,,,,
SH600908,2024-08-16,,,,
SH600331,2024-08-16,,,,
SH603556,2024-08-16,,,,
SH688362,2024-08-16,,,,
SZ300292,2024-08-16,,,,
SH603219,2024-08-16,,,,
SH688380,2024-08-16,,,,
SH601857,2024-08-16,,,,
SH603328,2024-08-16,,,,
SZ301589,2024-08-16,,,,
SZ002601,2024-08-16,,,,
SH600362,2024-08-16,,,,
SZ300900,2024-08-16,,,,
SZ002349,2024-08-16,,,,
SH603773,2024-08-16,,,,
SH603658,2024-08-16,,,,
SZ301507,2024-08-16,,,,
SZ001872,2024-08-16,,,,
SH605305,2024-08-16,,,,
SH603195,2024-08-16,,,,
SZ002955,2024-08-16,,,,
SH603367,2024-08-16,,,,
SZ300085,2024-08-16,,,,
SZ000661,2024-08-16,,,,
SZ002491,2024-08-16,,,,
SZ002958,2024-08-16,,,,
SZ300389,2024-08-16,,,,
SZ002327,2024-08-16,,,,
SZ002130,2024-08-16,,,,
SH688331,2024-08-16,,,,
SH600288,2024-08-16,,,,
SZ002589,2024-08-16,,,,
SH688581,2024-08-16,,,,
SZ002635,2024-08-16,,,,
SZ300567,2024-08-16,,,,
SH605011,2024-08-16,,,,
SH605598,2024-08-16,,,,
SZ002997,2024-08-16,,,,
SZ301202,2024-08-16,,,,
SH600501,2024-08-16,,,,
SZ300628,2024-08-16,,,,
SH603179,2024-08-16,,,,
SH603087,2024-08-16,,,,
SH600246,2024-08-16,,,,
SH603520,2024-08-16,,,,
SH688378,2024-08-16,,,,
SZ301180,2024-08-16,,,,
SZ002815,2024-08-16,,,,
SZ300296,2024-08-16,,,,
SH600351,2024-08-16,,,,
SZ300219,2024-08-16,,,,
SH688484,2024-08-16,,,,
SH605333,2024-08-16,,,,
SH600970,2024-08-16,,,,
SH688298,2024-08-16,,,,
SH600971,2024-08-16,,,,
SZ001308,2024-08-16,,,,
SZ002371,2024-08-16,,,,
SZ002897,2024-08-16,,,,
SZ300699,2024-08-16,,,,
SZ300781,2024-08-16,,,,
SH688475,2024-08-16,,,,
SZ300341,2024-08-16,,,,
SH600605,2024-08-16,,,,
SZ002932,2024-08-16,,,,
SZ300811,2024-08-16,,,,
SH688400,2024-08-16,,,,
SH600851,2024-08-16,,,,
SZ002362,2024-08-16,,,,
SZ002907,2024-08-16,,,,
SH688007,2024-08-16,,,,
SZ300415,2024-08-16,,,,
SZ300856,2024-08-16,,,,
SH603338,2024-08-16,,,,
SH603444,2024-08-16,,,,
SZ301510,2024-08-16,,,,
SZ301191,2024-08-16,,,,
SZ300319,2024-08-16,,,,
SZ002636,2024-08-16,,,,
SH600928,2024-08-16,,,,
SH600010,2024-08-16,,,,
SZ300110,2024-08-16,,,,
SZ300276,2024-08-16,,,,
SH603065,2024-08-16,,,,
SZ002376,2024-08-16,,,,
SZ301096,2024-08-16,,,,
SH688160,2024-08-16,,,,
SH688536,2024-08-16,,,,
SH688012,2024-08-16,,,,
SZ002738,2024-08-16,,,,
SZ002467,2024-08-16,,,,
SH688249,2024-08-16,,,,
SZ300660,2024-08-16,,,,
SH603530,2024-08-16,,,,
SH688180,2024-08-16,,,,
SZ300925,2024-08-16,,,,
SH600372,2024-08-16,,,,
SH600873,2024-08-16,,,,
SZ300870,2024-08-16,,,,
SZ300620,2024-08-16,,,,
SH600587,2024-08-16,,,,
SZ000034,2024-08-16,,,,
SZ300659,2024-08-16,,,,
SZ300687,2024-08-16,,,,
SH601997,2024-08-16,,,,
SZ300802,2024-08-16,,,,
SH688519,2024-08-16,,,,
SH600713,2024-08-16,,,,
SZ002338,2024-08-16,,,,
SZ300913,2024-08-16,,,,
SH688222,2024-08-16,,,,
SZ000650,2024-08-16,,,,
SZ002937,2024-08-16,,,,
SZ002261,2024-08-16,,,,
SH688300,2024-08-16,,,,
SH603590,2024-08-16,,,,
SZ002446,2024-08-16,,,,
SH603322,2024-08-16,,,,
SH603639,2024-08-16,,,,
SH603256,2024-08-16,,,,
SZ000676,2024-08-16,,,,
SH688252,2024-08-16,,,,
SH600803,2024-08-16,,,,
SZ000636,2024-08-16,,,,
SZ300653,2024-08-16,,,,
SH688277,2024-08-16,,,,
SZ000016,2024-08-16,,,,
SZ002993,2024-08-16,,,,
SZ002559,2024-08-16,,,,
SZ002745,2024-08-16,,,,
SZ300598,2024-08-16,,,,
SZ002737,2024-08-16,,,,
SZ301330,2024-08-16,,,,
SZ002829,2024-08-16,,,,
SH600894,2024-08-16,,,,
SZ301389,2024-08-16,,,,
SH603408,2024-08-16,,,,
SZ300463,2024-08-16,,,,
SH600163,2024-08-16,,,,
SZ300741,2024-08-16,,,,
SH688238,2024-08-16,,,,
SH601058,2024-08-16,,,,
SH688048,2024-08-16,,,,
SZ003006,2024-08-16,,,,
SH688621,2024-08-16,,,,
SZ001965,2024-08-16,,,,
SZ002643,2024-08-16,,,,
SZ002867,2024-08-16,,,,
SH600353,2024-08-16,,,,
SH600198,2024-08-16,,,,
SH603833,2024-08-16,,,,
SZ002657,2024-08-16,,,,
SZ000045,2024-08-16,,,,
SZ300979,2024-08-16,,,,
SZ300170,2024-08-16,,,,
SH688686,2024-08-16,,,,
SZ301366,2024-08-16,,,,
SZ002626,2024-08-16,,,,
SZ002970,2024-08-16,,,,
SZ002437,2024-08-16,,,,
SH600575,2024-08-16,,,,
SH688085,2024-08-16,,,,
SZ300872,2024-08-16,,,,
SH688601,2024-08-16,,,,
SH601018,2024-08-16,,,,
SZ002022,2024-08-16,,,,
SZ003031,2024-08-16,,,,
SH600033,2024-08-16,,,,
SH600765,2024-08-16,,,,
SZ002512,2024-08-16,,,,
SZ300634,2024-08-16,,,,
SH600811,2024-08-16,,,,
SH603171,2024-08-16,,,,
SZ300772,2024-08-16,,,,
SZ002237,2024-08-16,,,,
SZ301393,2024-08-16,,,,
SZ000617,2024-08-16,,,,
SH601800,2024-08-16,,,,
SH688443,2024-08-16,,,,
SZ300492,2024-08-16,,,,
SZ002675,2024-08-16,,,,
SH600285,2024-08-16,,,,
SH600559,2024-08-16,,,,
SZ301018,2024-08-16,,,,
SZ000028,2024-08-16,,,,
SH600757,2024-08-16,,,,
SH600488,2024-08-16,,,,
SZ301408,2024-08-16,,,,
SH688207,2024-08-16,,,,
SZ301015,2024-08-16,,,,
SZ300825,2024-08-16,,,,
SH688486,2024-08-16,,,,
SH605116,2024-08-16,,,,
SH688595,2024-08-16,,,,
SZ002139,2024-08-16,,,,
SZ000813,2024-08-16,,,,
SZ301297,2024-08-16,,,,
SZ002533,2024-08-16,,,,
SH603323,2024-08-16,,,,
SH688382,2024-08-16,,,,
SH688630,2024-08-16,,,,
SZ002194,2024-08-16,,,,
SZ301377,2024-08-16,,,,
SZ300623,2024-08-16,,,,
SZ301363,2024-08-16,,,,
SH601963,2024-08-16,,,,
SZ002396,2024-08-16,,,,
SH600131,2024-08-16,,,,
SH688176,2024-08-16,,,,
SH688232,2024-08-16,,,,
SZ301085,2024-08-16,,,,
SH688192,2024-08-16,,,,
SH601566,2024-08-16,,,,
SZ301367,2024-08-16,,,,
SZ002644,2024-08-16,,,,
SZ300482,2024-08-16,,,,
SZ300009,2024-08-16,,,,
SH603583,2024-08-16,,,,
SZ300951,2024-08-16,,,,
SZ002117,2024-08-16,,,,
SH600228,2024-08-16,,,,
SH601878,2024-08-16,,,,
SH601607,2024-08-16,,,,
SH603297,2024-08-16,,,,
SH601827,2024-08-16,,,,
SZ000962,2024-08-16,,,,
SZ002831,2024-08-16,,,,
SH688606,2024-08-16,,,,
SZ300468,2024-08-16,,,,
SH688506,2024-08-16,,,,
SZ002025,2024-08-16,,,,
SZ300171,2024-08-16,,,,
SZ002219,2024-08-16,,,,
SH688035,2024-08-16,,,,
SZ002410,2024-08-16,,,,
SH688046,2024-08-16,,,,
SZ300131,2024-08-16,,,,
SZ002287,2024-08-16,,,,
SH600035,2024-08-16,,,,
SH603517,2024-08-16,,,,
SZ002992,2024-08-16,,,,
SH601869,2024-08-16,,,,
SH688209,2024-08-16,,,,
SZ001201,2024-08-16,,,,
SZ002035,2024-08-16,,,,
SH605099,2024-08-16,,,,
SZ002695,2024-08-16,,,,
SH603595,2024-08-16,,,,
SH600059,2024-08-16,,,,
SH600601,2024-08-16,,,,
SZ000411,2024-08-16,,,,
SH688047,2024-08-16,,,,
SH601636,2024-08-16,,,,
SZ002414,2024-08-16,,,,
SH688138,2024-08-16,,,,
SH688062,2024-08-16,,,,
SH688050,2024-08-16,,,,
SH688055,2024-08-16,,,,
SH688105,2024-08-16,,,,
SH600776,2024-08-16,,,,
SZ300480,2024-08-16,,,,
SH688029,2024-08-16,,,,
SZ300384,2024-08-16,,,,
SZ300081,2024-08-16,,,,
SZ002786,2024-08-16,,,,
SH601611,2024-08-16,,,,
SH600056,2024-08-16,,,,
SH600071,2024-08-16,,,,
SZ301262,2024-08-16,,,,
SH688533,2024-08-16,,,,
SZ300039,2024-08-16,,,,
SH688320,2024-08-16,,,,
SZ000727,2024-08-16,,,,
SZ300882,2024-08-16,,,,
SH688281,2024-08-16,,,,
SZ000948,2024-08-16,,,,
SZ300363,2024-08-16,,,,
SZ002588,2024-08-16,,,,
SH605108,2024-08-16,,,,
SH605199,2024-08-16,,,,
SH688401,2024-08-16,,,,
SZ300351,2024-08-16,,,,
SH605018,2024-08-16,,,,
SH603477,2024-08-16,,,,
SH688127,2024-08-16,,,,
SH603786,2024-08-16,,,,
SZ002547,2024-08-16,,,,
SZ300348,2024-08-16,,,,
SZ000900,2024-08-16,,,,
SH688566,2024-08-16,,,,
SZ000863,2024-08-16,,,,
SZ301206,2024-08-16,,,,
SH688247,2024-08-16,,,,
SZ300052,2024-08-16,,,,
SH603301,2024-08-16,,,,
SZ300429,2024-08-16,,,,
SZ002543,2024-08-16,,,,
SH603055,2024-08-16,,,,
SZ300318,2024-08-16,,,,
SH688025,2024-08-16,,,,
SZ300593,2024-08-16,,,,
SH600273,2024-08-16,,,,
SZ300428,2024-08-16,,,,
SH603013,2024-08-16,,,,
SZ002032,2024-08-16,,,,
SH600521,2024-08-16,,,,
SZ300377,2024-08-16,,,,
SZ000567,2024-08-16,,,,
SZ002839,2024-08-16,,,,
SZ301559,2024-08-16,,,,
SZ002152,2024-08-16,,,,
SZ002016,2024-08-16,,,,
SZ001338,2024-08-16,,,,
SZ300738,2024-08-16,,,,
SH603081,2024-08-16,,,,
SH688150,2024-08-16,,,,
SH688371,2024-08-16,,,,
SH600993,2024-08-16,,,,
SZ300581,2024-08-16,,,,
SZ300869,2024-08-16,,,,
SH600167,2024-08-16,,,,
SZ002925,2024-08-16,,,,
SH688167,2024-08-16,,,,
SZ002275,2024-08-16,,,,
SH605369,2024-08-16,,,,
SH688575,2024-08-16,,,,
SH688336,2024-08-16,,,,
SZ300166,2024-08-16,,,,
SZ300206,2024-08-16,,,,
SZ301381,2024-08-16,,,,
SZ300320,2024-08-16,,,,
SZ002728,2024-08-16,,,,
SZ300353,2024-08-16,,,,
SZ002038,2024-08-16,,,,
SH688001,2024-08-16,,,,
SZ300592,2024-08-16,,,,
SZ301328,2024-08-16,,,,
SH688016,2024-08-16,,,,
SZ003028,2024-08-16,,,,
SH600105,2024-08-16,,,,
SZ300679,2024-08-16,,,,
SZ000050,2024-08-16,,,,
SZ002461,2024-08-16,,,,
SH603368,2024-08-16,,,,
SZ300759,2024-08-16,,,,
SH688496,2024-08-16,,,,
SH601968,2024-08-16,,,,
SZ002990,2024-08-16,,,,
SH688315,2024-08-16,,,,
SH688236,2024-08-16,,,,
SH601116,2024-08-16,,,,
SH603203,2024-08-16,,,,
SZ300638,2024-08-16,,,,
SH600707,2024-08-16,,,,
SH601881,2024-08-16,,,,
SZ300893,2024-08-16,,,,
SZ301061,2024-08-16,,,,
SH603206,2024-08-16,,,,
SZ301109,2024-08-16,,,,
SH688306,2024-08-16,,,,
SZ301511,2024-08-16,,,,
SZ300981,2024-08-16,,,,
SH600998,2024-08-16,,,,
SH688389,2024-08-16,,,,
SZ002366,2024-08-16,,,,
SZ300712,2024-08-16,,,,
SH600880,2024-08-16,,,,
SZ002432,2024-08-16,,,,
SZ300066,2024-08-16,,,,
SH688778,2024-08-16,,,,
SH688212,2024-08-16,,,,
SH688502,2024-08-16,,,,
SH688110,2024-08-16,,,,
SZ002614,2024-08-16,,,,
SH603730,2024-08-16,,,,
SZ000048,2024-08-16,,,,
SZ301525,2024-08-16,,,,
SZ001309,2024-08-16,,,,
SZ001236,2024-08-16,,,,
SH603002,2024-08-16,,,,
SH688488,2024-08-16,,,,
SZ300257,2024-08-16,,,,
SZ000975,2024-08-16,,,,
SH600773,2024-08-16,,,,
SH601339,2024-08-16,,,,
SH688410,2024-08-16,,,,
SZ300188,2024-08-16,,,,
SZ300596,2024-08-16,,,,
SZ002755,2024-08-16,,,,
SH601606,2024-08-16,,,,
SZ002093,2024-08-16,,,,
SZ000030,2024-08-16,,,,
SH688313,2024-08-16,,,,
SZ301263,2024-08-16,,,,
SH603439,2024-08-16,,,,
SH600841,2024-08-16,,,,
SH688526,2024-08-16,,,,
SH601117,2024-08-16,,,,
SH688319,2024-08-16,,,,
SH601238,2024-08-16,,,,
SH688198,2024-08-16,,,,
SZ300496,2024-08-16,,,,
SZ301153,2024-08-16,,,,
SH605183,2024-08-16,,,,
SH601998,2024-08-16,,,,
SZ300603,2024-08-16,,,,
SH600967,2024-08-16,,,,
SH688261,2024-08-16,,,,
SZ301195,2024-08-16,,,,
SZ300674,2024-08-16,,,,
SZ000078,2024-08-16,,,,
SH605388,2024-08-16,,,,
SZ002915,2024-08-16,,,,
SZ000815,2024-08-16,,,,
SH688505,2024-08-16,,,,
SZ000158,2024-08-16,,,,
SZ301516,2024-08-16,,,,
SH688259,2024-08-16,,,,
SH603931,2024-08-16,,,,
SH688639,2024-08-16,,,,
SH600103,2024-08-16,,,,
SZ300768,2024-08-16,,,,
SZ300676,2024-08-16,,,,
SZ301509,2024-08-16,,,,
SH688278,2024-08-16,,,,
SZ003040,2024-08-16,,,,
SH688301,2024-08-16,,,,
SZ300485,2024-08-16,,,,
SZ300926,2024-08-16,,,,
SZ002782,2024-08-16,,,,
SZ300475,2024-08-16,,,,
SZ002019,2024-08-16,,,,
SZ000531,2024-08-16,,,,
SZ002961,2024-08-16,,,,
SH601900,2024-08-16,,,,
SZ301327,2024-08-16,,,,
SZ300396,2024-08-16,,,,
SH688185,2024-08-16,,,,
SZ300255,2024-08-16,,,,
SZ301116,2024-08-16,,,,
SH603661,2024-08-16,,,,
SH688197,2024-08-16,,,,
SZ000012,2024-08-16,,,,
SH688128,2024-08-16,,,,
SH688626,2024-08-16,,,,
SZ002597,2024-08-16,,,,
SZ002538,2024-08-16,,,,
SH688332,2024-08-16,,,,
SH688489,2024-08-16,,,,
SH603718,2024-08-16,,,,
SH605005,2024-08-16,,,,
SH688161,2024-08-16,,,,
SH688279,2024-08-16,,,,
SH688658,2024-08-16,,,,
SZ002881,2024-08-16,,,,
SZ002382,2024-08-16,,,,
SZ301102,2024-08-16,,,,
SH600219,2024-08-16,,,,
SZ300997,2024-08-16,,,,
SZ300858,2024-08-16,,,,
SH688157,2024-08-16,,,,
SH688733,2024-08-16,,,,
SH688248,2024-08-16,,,,
SH605056,2024-08-16,,,,
SZ301200,2024-08-16,,,,
SH603071,2024-08-16,,,,
SZ002922,2024-08-16,,,,
SH688112,2024-08-16,,,,
SZ000968,2024-08-16,,,,
SH688512,2024-08-16,,,,
SZ002880,2024-08-16,,,,
SZ002184,2024-08-16,,,,
SZ300969,2024-08-16,,,,
SZ300443,2024-08-16,,,,
SH600012,2024-08-16,,,,
SZ002986,2024-08-16,,,,
SZ001208,2024-08-16,,,,
SH688800,2024-08-16,,,,
SZ002004,2024-08-16,,,,
SH688003,2024-08-16,,,,
SH688205,2024-08-16,,,,
SH688432,2024-08-16,,,,
SZ300833,2024-08-16,,,,
SH603035,2024-08-16,,,,
SZ301177,2024-08-16,,,,
SH688293,2024-08-16,,,,
SZ002801,2024-08-16,,,,
SH600007,2024-08-16,,,,
SZ300873,2024-08-16,,,,
SZ300685,2024-08-16,,,,
SZ001306,2024-08-16,,,,
SH601512,2024-08-16,,,,
SZ002431,2024-08-16,,,,
SH688172,2024-08-16,,,,
SH603680,2024-08-16,,,,
SH688359,2024-08-16,,,,
SH600075,2024-08-16,,,,
SH688059,2024-08-16,,,,
SH688177,2024-08-16,,,,
SH603229,2024-08-16,,,,
SZ300481,2024-08-16,,,,
SZ002481,2024-08-16,,,,
SH603662,2024-08-16,,,,
SZ300345,2024-08-16,,,,
SH605399,2024-08-16,,,,
SZ300451,2024-08-16,,,,
SH688165,2024-08-16,,,,
SZ002294,2024-08-16,,,,
SH605133,2024-08-16,,,,
SH688208,2024-08-16,,,,
SH600717,2024-08-16,,,,
SZ300681,2024-08-16,,,,
SH600571,2024-08-16,,,,
SH688552,2024-08-16,,,,
SH603977,2024-08-16,,,,
SH600985,2024-08-16,,,,
SH688087,2024-08-16,,,,
SH603078,2024-08-16,,,,
SH600085,2024-08-16,,,,
SZ002892,2024-08-16,,,,
SZ300354,2024-08-16,,,,
SZ301179,2024-08-16,,,,
SH601330,2024-08-16,,,,
SZ002662,2024-08-16,,,,
SH600081,2024-08-16,,,,
SH603678,2024-08-16,,,,
SH603712,2024-08-16,,,,
SZ000601,2024-08-16,,,,
SH600987,2024-08-16,,,,
SH600313,2024-08-16,,,,
SZ001269,2024-08-16,,,,
SH603223,2024-08-16,,,,
SZ002908,2024-08-16,,,,
SZ300203,2024-08-16,,,,
SZ300590,2024-08-16,,,,
SH605365,2024-08-16,,,,
SH601519,2024-08-16,,,,
SH601089,2024-08-16,,,,
SZ301303,2024-08-16,,,,
SH688698,2024-08-16,,,,
SZ300796,2024-08-16,,,,
SH601098,2024-08-16,,,,
SH601187,2024-08-16,,,,
SH603258,2024-08-16,,,,
SZ002752,2024-08-16,,,,
SH601065,2024-08-16,,,,
SH600751,2024-08-16,,,,
SZ002950,2024-08-16,,,,
SH603989,2024-08-16,,,,
SH600017,2024-08-16,,,,
SH601811,2024-08-16,,,,
SZ301558,2024-08-16,,,,
SH600279,2024-08-16,,,,
SZ000735,2024-08-16,,,,
SH600425,2024-08-16,,,,
SH603181,2024-08-16,,,,
SH603466,2024-08-16,,,,
SH688305,2024-08-16,,,,
SH688088,2024-08-16,,,,
SH600846,2024-08-16,,,,
SH601699,2024-08-16,,,,
SZ001239,2024-08-16,,,,
SH603567,2024-08-16,,,,
SZ000409,2024-08-16,,,,
SH688133,2024-08-16,,,,
SZ002793,2024-08-16,,,,
SH603896,2024-08-16,,,,
SH600764,2024-08-16,,,,
SZ300702,2024-08-16,,,,
SH600299,2024-08-16,,,,
SZ002803,2024-08-16,,,,
SZ002855,2024-08-16,,,,
SH600456,2024-08-16,,,,
SH688776,2024-08-16,,,,
SZ300607,2024-08-16,,,,
SH603387,2024-08-16,,,,
SH603227,2024-08-16,,,,
SH688525,2024-08-16,,,,
SH688383,2024-08-16,,,,
SH603138,2024-08-16,,,,
SZ301439,2024-08-16,,,,
SZ301488,2024-08-16,,,,
SH688478,2024-08-16,,,,
SH603125,2024-08-16,,,,
SH688523,2024-08-16,,,,
SZ002293,2024-08-16,,,,
SH688019,2024-08-16,,,,
SH601778,2024-08-16,,,,
SH688234,2024-08-16,,,,
SH688190,2024-08-16,,,,
SZ300809,2024-08-16,,,,
SZ300012,2024-08-16,,,,
SZ002354,2024-08-16,,,,
SH600338,2024-08-16,,,,
SZ301149,2024-08-16,,,,
SZ002658,2024-08-16,,,,
SH688433,2024-08-16,,,,
SZ001215,2024-08-16,,,,
SH688289,2024-08-16,,,,
SH603848,2024-08-16,,,,
SZ002758,2024-08-16,,,,
SZ002346,2024-08-16,,,,
SZ002649,2024-08-16,,,,
SH688570,2024-08-16,,,,
SZ300795,2024-08-16,,,,
SZ002965,2024-08-16,,,,
SH603912,2024-08-16,,,,
SH688119,2024-08-16,,,,
SZ002911,2024-08-16,,,,
SH600307,2024-08-16,,,,
SH600569,2024-08-16,,,,
SZ301246,2024-08-16,,,,
SH688351,2024-08-16,,,,
SH688531,2024-08-16,,,,
SZ301101,2024-08-16,,,,
SH601003,2024-08-16,,,,
SH603950,2024-08-16,,,,
SZ002056,2024-08-16,,,,
SH600172,2024-08-16,,,,
SZ300723,2024-08-16,,,,
SZ301311,2024-08-16,,,,
SZ003000,2024-08-16,,,,
SZ300523,2024-08-16,,,,
SZ002104,2024-08-16,,,,
SZ300138,2024-08-16,,,,
SH603636,2024-08-16,,,,
SZ300847,2024-08-16,,,,
SZ002222,2024-08-16,,,,
SZ300271,2024-08-16,,,,
SH688392,2024-08-16,,,,
SZ002389,2024-08-16,,,,
SH688173,2024-08-16,,,,
SZ001311,2024-08-16,,,,
SZ300792,2024-08-16,,,,
SH688569,2024-08-16,,,,
SZ002057,2024-08-16,,,,
SH688223,2024-08-16,,,,
SH605358,2024-08-16,,,,
SH603135,2024-08-16,,,,
SZ300846,2024-08-16,,,,
SH603209,2024-08-16,,,,
SH603260,2024-08-16,,,,
SH600837,2024-08-16,,,,
SH600231,2024-08-16,,,,
SH600809,2024-08-16,,,,
SH688677,2024-08-16,,,,
SZ300369,2024-08-16,,,,
SH605300,2024-08-16,,,,
SH600161,2024-08-16,,,,
SH603153,2024-08-16,,,,
SH600226,2024-08-16,,,,
SZ002115,2024-08-16,,,,
SH688696,2024-08-16,,,,
SZ000631,2024-08-16,,,,
SZ000756,2024-08-16,,,,
SH600282,2024-08-16,,,,
SH688368,2024-08-16,,,,
SH603515,2024-08-16,,,,
SH603528,2024-08-16,,,,
SH603108,2024-08-16,,,,
SZ301216,2024-08-16,,,,
SZ001378,2024-08-16,,,,
SZ300143,2024-08-16,,,,
SH600278,2024-08-16,,,,
SH600556,2024-08-16,,,,
SH603033,2024-08-16,,,,
SH605060,2024-08-16,,,,
SZ301391,2024-08-16,,,,
SH601686,2024-08-16,,,,
SH605077,2024-08-16,,,,
SH603855,2024-08-16,,,,
SH688349,2024-08-16,,,,
SZ300174,2024-08-16,,,,
SH603070,2024-08-16,,,,
SH600935,2024-08-16,,,,
SZ000036,2024-08-16,,,,
SH688121,2024-08-16,,,,
SZ301266,2024-08-16,,,,
SH603009,2024-08-16,,,,
SZ002540,2024-08-16,,,,
SZ300358,2024-08-16,,,,
SZ000523,2024-08-16,,,,
SH600681,2024-08-16,,,,
SH603707,2024-08-16,,,,
SH600229,2024-08-16,,,,
SH688343,2024-08-16,,,,
SZ002438,2024-08-16,,,,
SH688568,2024-08-16,,,,
SH688202,2024-08-16,,,,
SH688268,2024-08-16,,,,
SZ002810,2024-08-16,,,,
SZ003009,2024-08-16,,,,
SZ000950,2024-08-16,,,,
SZ002390,2024-08-16,,,,
SH688114,2024-08-16,,,,
SZ000534,2024-08-16,,,,
SZ002102,2024-08-16,,,,
SH688403,2024-08-16,,,,
SZ301371,2024-08-16,,,,
SH688102,2024-08-16,,,,
SZ002837,2024-08-16,,,,
SH603255,2024-08-16,,,,
SZ300352,2024-08-16,,,,
SZ300444,2024-08-16,,,,
SZ300848,2024-08-16,,,,
SH600054,2024-08-16,,,,
SH603867,2024-08-16,,,,
SZ002677,2024-08-16,,,,
SZ301307,2024-08-16,,,,
SZ002356,2024-08-16,,,,
SH601965,2024-08-16,,,,
SZ000513,2024-08-16,,,,
SZ002441,2024-08-16,,,,
SH600790,2024-08-16,,,,
SZ300474,2024-08-16,,,,
SH600826,2024-08-16,,,,
SZ000731,2024-08-16,,,,
SZ301566,2024-08-16,,,,
SZ300127,2024-08-16,,,,
SH605286,2024-08-16,,,,
SH603132,2024-08-16,,,,
SZ301039,2024-08-16,,,,
SZ300378,2024-08-16,,,,
SH603667,2024-08-16,,,,
SH605266,2024-08-16,,,,
SH603357,2024-08-16,,,,
SH600828,2024-08-16,,,,
SZ000923,2024-08-16,,,,
SZ300119,2024-08-16,,,,
SZ301103,2024-08-16,,,,
SZ003032,2024-08-16,,,,
SZ000526,2024-08-16,,,,
SH688097,2024-08-16,,,,
SH605050,2024-08-16,,,,
SH600685,2024-08-16,,,,
SH603057,2024-08-16,,,,
SZ002401,2024-08-16,,,,
SZ002768,2024-08-16,,,,
SH688146,2024-08-16,,,,
SH603281,2024-08-16,,,,
SH603992,2024-08-16,,,,
SH600867,2024-08-16,,,,
SZ002520,2024-08-16,,,,
SZ300589,2024-08-16,,,,
SZ000607,2024-08-16,,,,
SH603815,2024-08-16,,,,
SH601061,2024-08-16,,,,
SH603698,2024-08-16,,,,
SH688739,2024-08-16,,,,
SZ300256,2024-08-16,,,,
SZ301207,2024-08-16,,,,
SH605089,2024-08-16,,,,
SZ301382,2024-08-16,,,,
SZ002741,2024-08-16,,,,
SZ000423,2024-08-16,,,,
SZ300304,2024-08-16,,,,
SZ002841,2024-08-16,,,,
SZ301205,2024-08-16,,,,
SH605507,2024-08-16,,,,
SH600618,2024-08-16,,,,
SH688697,2024-08-16,,,,
SZ300253,2024-08-16,,,,
SH603383,2024-08-16,,,,
SH603970,2024-08-16,,,,
SZ000722,2024-08-16,,,,
SH601038,2024-08-16,,,,
SH601133,2024-08-16,,,,
SZ001313,2024-08-16,,,,
SH688091,2024-08-16,,,,
SZ300286,2024-08-16,,,,
SH603877,2024-08-16,,,,
SZ002059,2024-08-16,,,,
SH605008,2024-08-16,,,,
SH600123,2024-08-16,,,,
SZ300617,2024-08-16,,,,
SZ002866,2024-08-16,,,,
SH605186,2024-08-16,,,,
SH603010,2024-08-16,,,,
SZ300586,2024-08-16,,,,
SH600320,2024-08-16,,,,
SZ300978,2024-08-16,,,,
SZ002703,2024-08-16,,,,
SH603868,2024-08-16,,,,
SZ300360,2024-08-16,,,,
SH603610,2024-08-16,,,,
SH688072,2024-08-16,,,,
SZ002190,2024-08-16,,,,
SH603060,2024-08-16,,,,
SH600939,2024-08-16,,,,
SZ002166,2024-08-16,,,,
SZ000096,2024-08-16,,,,
SH600308,2024-08-16,,,,
SZ003013,2024-08-16,,,,
SH600869,2024-08-16,,,,
SZ002321,2024-08-16,,,,
SH688231,2024-08-16,,,,
SH603638,2024-08-16,,,,
SH600251,2024-08-16,,,,
SH603039,2024-08-16,,,,
SZ300559,2024-08-16,,,,
SH603889,2024-08-16,,,,
SZ000936,2024-08-16,,,,
SZ301332,2024-08-16,,,,
SH605599,2024-08-16,,,,
SH688508,2024-08-16,,,,
SZ000582,2024-08-16,,,,
SH600435,2024-08-16,,,,
SH603277,2024-08-16,,,,
SH600186,2024-08-16,,,,
SH603919,2024-08-16,,,,
SH600965,2024-08-16,,,,
SH600180,2024-08-16,,,,
SZ002048,2024-08-16,,,,
SH600982,2024-08-16,,,,
SZ300579,2024-08-16,,,,
SZ300788,2024-08-16,,,,
SZ000906,2024-08-16,,,,
SH600876,2024-08-16,,,,
SZ002833,2024-08-16,,,,
SZ002299,2024-08-16,,,,
SZ002099,2024-08-16,,,,
SZ300134,2024-08-16,,,,
SH600551,2024-08-16,,,,
SZ001227,2024-08-16,,,,
SZ300278,2024-08-16,,,,
SZ000681,2024-08-16,,,,
SH688239,2024-08-16,,,,
SH603690,2024-08-16,,,,
SZ002912,2024-08-16,,,,
SZ000011,2024-08-16,,,,
SH600694,2024-08-16,,,,
SZ301456,2024-08-16,,,,
SZ002444,2024-08-16,,,,
SZ002174,2024-08-16,,,,
SZ002088,2024-08-16,,,,
SZ002838,2024-08-16,,,,
SZ002181,2024-08-16,,,,
SZ001914,2024-08-16,,,,
SZ000620,2024-08-16,,,,
SH600641,2024-08-16,,,,
SZ300471,2024-08-16,,,,
SH688099,2024-08-16,,,,
SH600874,2024-08-16,,,,
SZ002279,2024-08-16,,,,
SZ300024,2024-08-16,,,,
SZ300406,2024-08-16,,,,
SH600783,2024-08-16,,,,
SH603111,2024-08-16,,,,
SZ301048,2024-08-16,,,,
SZ300383,2024-08-16,,,,
SH600903,2024-08-16,,,,
SH600917,2024-08-16,,,,
SH600252,2024-08-16,,,,
SH600742,2024-08-16,,,,
SH600897,2024-08-16,,,,
SH688220,2024-08-16,,,,
SZ300821,2024-08-16,,,,
SZ300324,2024-08-16,,,,
SZ300718,2024-08-16,,,,
SH605368,2024-08-16,,,,
SZ300019,2024-08-16,,,,
SZ300057,2024-08-16,,,,
SZ002746,2024-08-16,,,,
SH603098,2024-08-16,,,,
SZ002733,2024-08-16,,,,
SH603881,2024-08-16,,,,
SZ000786,2024-08-16,,,,
SH600814,2024-08-16,,,,
SH600525,2024-08-16,,,,
SZ300133,2024-08-16,,,,
SZ300128,2024-08-16,,,,
SZ000755,2024-08-16,,,,
SZ002062,2024-08-16,,,,
SZ000019,2024-08-16,,,,
SZ301162,2024-08-16,,,,
SZ000524,2024-08-16,,,,
SZ002041,2024-08-16,,,,
SZ000717,2024-08-16,,,,
SH603800,2024-08-16,,,,
SH688660,2024-08-16,,,,
SZ002423,2024-08-16,,,,
SZ000905,2024-08-16,,,,
SH600330,2024-08-16,,,,
SH601199,2024-08-16,,,,
SH605577,2024-08-16,,,,
SZ300080,2024-08-16,,,,
SH600797,2024-08-16,,,,
SZ000852,2024-08-16,,,,
SH603777,2024-08-16,,,,
SH600746,2024-08-16,,,,
SH600879,2024-08-16,,,,
SZ301536,2024-08-16,,,,
SH688147,2024-08-16,,,,
SH688356,2024-08-16,,,,
SZ002930,2024-08-16,,,,
SH603031,2024-08-16,,,,
SZ002170,2024-08-16,,,,
SH688819,2024-08-16,,,,
SH603123,2024-08-16,,,,
SZ000589,2024-08-16,,,,
SZ002996,2024-08-16,,,,
SZ002158,2024-08-16,,,,
SH605555,2024-08-16,,,,
SH688107,2024-08-16,,,,
SZ000557,2024-08-16,,,,
SZ000848,2024-08-16,,,,
SH600197,2024-08-16,,,,
SH688152,2024-08-16,,,,
SZ000505,2024-08-16,,,,
SZ301376,2024-08-16,,,,
SH603529,2024-08-16,,,,
SH601279,2024-08-16,,,,
SH603053,2024-08-16,,,,
SH600648,2024-08-16,,,,
SZ000498,2024-08-16,,,,
SZ002210,2024-08-16,,,,
SH603659,2024-08-16,,,,
SH603112,2024-08-16,,,,
SZ000881,2024-08-16,,,,
SH605198,2024-08-16,,,,
SZ002386,2024-08-16,,,,
SH688507,2024-08-16,,,,
SH605366,2024-08-16,,,,
SH600118,2024-08-16,,,,
SZ000912,2024-08-16,,,,
SH600861,2024-08-16,,,,
SZ002724,2024-08-16,,,,
SZ300791,2024-08-16,,,,
SZ002003,2024-08-16,,,,
SH603008,2024-08-16,,,,
SH603995,2024-08-16,,,,
SZ300672,2024-08-16,,,,
SZ300516,2024-08-16,,,,
SZ300765,2024-08-16,,,,
SH600055,2024-08-16,,,,
SH603565,2024-08-16,,,,
SH600316,2024-08-16,,,,
SH688700,2024-08-16,,,,
SZ002014,2024-08-16,,,,
SZ002641,2024-08-16,,,,
SZ000156,2024-08-16,,,,
SH600620,2024-08-16,,,,
SH600230,2024-08-16,,,,
SZ002146,2024-08-16,,,,
SZ301267,2024-08-16,,,,
SZ300982,2024-08-16,,,,
SH600433,2024-08-16,,,,
SZ301017,2024-08-16,,,,
SZ002206,2024-08-16,,,,
SH688375,2024-08-16,,,,
SZ300815,2024-08-16,,,,
SH603938,2024-08-16,,,,
SZ301286,2024-08-16,,,,
SH601008,2024-08-16,,,,
SH603489,2024-08-16,,,,
SH600500,2024-08-16,,,,
SH605337,2024-08-16,,,,
SZ000719,2024-08-16,,,,
SZ300048,2024-08-16,,,,
SZ300725,2024-08-16,,,,
SH600429,2024-08-16,,,,
SZ000507,2024-08-16,,,,
SZ000157,2024-08-16,,,,
SZ000553,2024-08-16,,,,
SZ000751,2024-08-16,,,,
SH605020,2024-08-16,,,,
SZ002009,2024-08-16,,,,
SH603291,2024-08-16,,,,
SZ301047,2024-08-16,,,,
SH600515,2024-08-16,,,,
SZ002367,2024-08-16,,,,
SH688711,2024-08-16,,,,
SH600748,2024-08-16,,,,
SH603666,2024-08-16,,,,
SZ300619,2024-08-16,,,,
SH605338,2024-08-16,,,,
SZ002419,2024-08-16,,,,
SZ300729,2024-08-16,,,,
SH600332,2024-08-16,,,,
SZ002427,2024-08-16,,,,
SZ002344,2024-08-16,,,,
SZ002726,2024-08-16,,,,
SH605319,2024-08-16,,,,
SZ002545,2024-08-16,,,,
SH600775,2024-08-16,,,,
SZ000917,2024-08-16,,,,
SH603032,2024-08-16,,,,
SZ000937,2024-08-16,,,,
SH600221,2024-08-16,,,,
SH603711,2024-08-16,,,,
SZ002573,2024-08-16,,,,
SZ300288,2024-08-16,,,,
SH603893,2024-08-16,,,,
SZ300678,2024-08-16,,,,
SH688550,2024-08-16,,,,
SH605123,2024-08-16,,,,
SH600189,2024-08-16,,,,
SZ301073,2024-08-16,,,,
SZ002203,2024-08-16,,,,
SZ300298,2024-08-16,,,,
SZ002307,2024-08-16,,,,
SH600449,2024-08-16,,,,
SZ000410,2024-08-16,,,,
SH600619,2024-08-16,,,,
SZ002135,2024-08-16,,,,
SH600458,2024-08-16,,,,
SZ002818,2024-08-16,,,,
SZ001213,2024-08-16,,,,
SH603901,2024-08-16,,,,
SH600724,2024-08-16,,,,
SH600217,2024-08-16,,,,
SH600603,2024-08-16,,,,
SZ002959,2024-08-16,,,,
SZ300887,2024-08-16,,,,
SH603191,2024-08-16,,,,
SH600955,2024-08-16,,,,
SZ002334,2024-08-16,,,,
SH688789,2024-08-16,,,,
SH603858,2024-08-16,,,,
SZ301069,2024-08-16,,,,
SZ002824,2024-08-16,,,,
SZ002149,2024-08-16,,,,
SZ300258,2024-08-16,,,,
SH600400,2024-08-16,,,,
SZ002242,2024-08-16,,,,
SH603668,2024-08-16,,,,
SH600108,2024-08-16,,,,
SH603920,2024-08-16,,,,
SH600373,2024-08-16,,,,
SZ002516,2024-08-16,,,,
SZ301345,2024-08-16,,,,
SZ002075,2024-08-16,,,,
SH600510,2024-08-16,,,,
SZ301368,2024-08-16,,,,
SZ002623,2024-08-16,,,,
SZ301596,2024-08-16,,,,
SZ301217,2024-08-16,,,,
SZ000822,2024-08-16,,,,
SZ002263,2024-08-16,,,,
SZ002478,2024-08-16,,,,
SH601789,2024-08-16,,,,
SZ002552,2024-08-16,,,,
SZ002169,2024-08-16,,,,
SZ301087,2024-08-16,,,,
SH603366,2024-08-16,,,,
SZ002208,2024-08-16,,,,
SZ000541,2024-08-16,,,,
SZ002458,2024-08-16,,,,
SH601700,2024-08-16,,,,
SZ002302,2024-08-16,,,,
SZ000713,2024-08-16,,,,
SH600866,2024-08-16,,,,
SH600990,2024-08-16,,,,
SZ000555,2024-08-16,,,,
SH600936,2024-08-16,,,,
SH600850,2024-08-16,,,,
SZ300532,2024-08-16,,,,
SZ300229,2024-08-16,,,,
SZ002777,2024-08-16,,,,
SZ301268,2024-08-16,,,,
SH688006,2024-08-16,,,,
SH601106,2024-08-16,,,,
SZ300291,2024-08-16,,,,
SH600750,2024-08-16,,,,
SZ301031,2024-08-16,,,,
SZ002215,2024-08-16,,,,
SH600178,2024-08-16,,,,
SZ000623,2024-08-16,,,,
SZ300639,2024-08-16,,,,
SH600269,2024-08-16,,,,
SZ002101,2024-08-16,,,,
SZ002095,2024-08-16,,,,
SZ300191,2024-08-16,,,,
SH600267,2024-08-16,,,,
SH600821,2024-08-16,,,,
SH600997,2024-08-16,,,,
SH603859,2024-08-16,,,,
SH603299,2024-08-16,,,,
SZ300850,2024-08-16,,,,
SZ002110,2024-08-16,,,,
SZ002300,2024-08-16,,,,
SH600590,2024-08-16,,,,
SZ301004,2024-08-16,,,,
SZ002534,2024-08-16,,,,
SH600938,2024-08-16,,,,
SZ300261,2024-08-16,,,,
SH605376,2024-08-16,,,,
SH688262,2024-08-16,,,,
SH688106,2024-08-16,,,,
SH600973,2024-08-16,,,,
SH688233,2024-08-16,,,,
SH605222,2024-08-16,,,,
SZ002445,2024-08-16,,,,
SH600862,2024-08-16,,,,
SH601121,2024-08-16,,,,
SH600121,2024-08-16,,,,
SH600981,2024-08-16,,,,
SH605168,2024-08-16,,,,
SZ000721,2024-08-16,,,,
SH600927,2024-08-16,,,,
SH603313,2024-08-16,,,,
SZ001328,2024-08-16,,,,
SZ000680,2024-08-16,,,,
SZ002214,2024-08-16,,,,
SH603983,2024-08-16,,,,
SZ300520,2024-08-16,,,,
SH688337,2024-08-16,,,,
SZ002637,2024-08-16,,,,
SZ000888,2024-08-16,,,,
SH600388,2024-08-16,,,,
SH603069,2024-08-16,,,,
SH603611,2024-08-16,,,,
SZ002581,2024-08-16,,,,
SH603566,2024-08-16,,,,
SZ300990,2024-08-16,,,,
SZ000761,2024-08-16,,,,
SH600057,2024-08-16,,,,
SH600268,2024-08-16,,,,
SH600162,2024-08-16,,,,
SH603733,2024-08-16,,,,
SH603693,2024-08-16,,,,
SZ000999,2024-08-16,,,,
SH600403,2024-08-16,,,,
SZ000564,2024-08-16,,,,
SH601022,2024-08-16,,,,
SZ002672,2024-08-16,,,,
SZ002537,2024-08-16,,,,
SZ002978,2024-08-16,,,,
SZ002051,2024-08-16,,,,
SH601515,2024-08-16,,,,
SZ300755,2024-08-16,,,,
SH600127,2024-08-16,,,,
SH603308,2024-08-16,,,,
SZ000058,2024-08-16,,,,
SZ000789,2024-08-16,,,,
SZ300775,2024-08-16,,,,
SH688559,2024-08-16,,,,
SZ300503,2024-08-16,,,,
SZ002515,2024-08-16,,,,
SH600744,2024-08-16,,,,
SZ000885,2024-08-16,,,,
SH688562,2024-08-16,,,,
SH600022,2024-08-16,,,,
SZ000503,2024-08-16,,,,
SZ002678,2024-08-16,,,,
SZ002216,2024-08-16,,,,
SH603708,2024-08-16,,,,
SZ301095,2024-08-16,,,,
SH688439,2024-08-16,,,,
SZ301215,2024-08-16,,,,
SZ300569,2024-08-16,,,,
SZ002238,2024-08-16,,,,
SH600584,2024-08-16,,,,
SH600780,2024-08-16,,,,
SZ002375,2024-08-16,,,,
SH600881,2024-08-16,,,,
SH600084,2024-08-16,,,,
SH601028,2024-08-16,,,,
SZ000981,2024-08-16,,,,
SH600758,2024-08-16,,,,
SH688031,2024-08-16,,,,
SZ002140,2024-08-16,,,,
SZ000887,2024-08-16,,,,
SZ000517,2024-08-16,,,,
SH688798,2024-08-16,,,,
SH600651,2024-08-16,,,,
SZ001323,2024-08-16,,,,
SZ002332,2024-08-16,,,,
SH603113,2024-08-16,,,,
SH600378,2024-08-16,,,,
SH601860,2024-08-16,,,,
SH603416,2024-08-16,,,,
SZ002664,2024-08-16,,,,
SH600151,2024-08-16,,,,
SH688503,2024-08-16,,,,
SH601069,2024-08-16,,,,
SZ002258,2024-08-16,,,,
SZ002539,2024-08-16,,,,
SZ000516,2024-08-16,,,,
SZ002935,2024-08-16,,,,
SZ002265,2024-08-16,,,,
SH600169,2024-08-16,,,,
SH688327,2024-08-16,,,,
SZ300267,2024-08-16,,,,
SH603093,2024-08-16,,,,
SH688680,2024-08-16,,,,
SH601777,2024-08-16,,,,
SH600855,2024-08-16,,,,
SH688469,2024-08-16,,,,
SH601005,2024-08-16,,,,
SH603719,2024-08-16,,,,
SZ002243,2024-08-16,,,,
SZ002434,2024-08-16,,,,
SZ300236,2024-08-16,,,,
SZ300470,2024-08-16,,,,
SZ300226,2024-08-16,,,,
SH603170,2024-08-16,,,,
SZ000544,2024-08-16,,,,
SH605377,2024-08-16,,,,
SZ002946,2024-08-16,,,,
SH600502,2024-08-16,,,,
SH600770,2024-08-16,,,,
SZ300770,2024-08-16,,,,
SZ301305,2024-08-16,,,,
SH600366,2024-08-16,,,,
SH600682,2024-08-16,,,,
SZ300655,2024-08-16,,,,
SH601609,2024-08-16,,,,
SH603303,2024-08-16,,,,
SZ000670,2024-08-16,,,,
SZ000665,2024-08-16,,,,
SH688321,2024-08-16,,,,
SH600395,2024-08-16,,,,
SZ301508,2024-08-16,,,,
SZ002034,2024-08-16,,,,
SZ000652,2024-08-16,,,,
SH600223,2024-08-16,,,,
SZ001322,2024-08-16,,,,
SH600918,2024-08-16,,,,
SH603178,2024-08-16,,,,
SZ002896,2024-08-16,,,,
SH603456,2024-08-16,,,,
SZ300529,2024-08-16,,,,
SH600120,2024-08-16,,,,
SH688206,2024-08-16,,,,
SZ300688,2024-08-16,,,,
SZ002884,2024-08-16,,,,
SH603918,2024-08-16,,,,
SH600158,2024-08-16,,,,
SZ002985,2024-08-16,,,,
SH600617,2024-08-16,,,,
SH603876,2024-08-16,,,,
SZ000898,2024-08-16,,,,
SH688297,2024-08-16,,,,
SZ002484,2024-08-16,,,,
SH603713,2024-08-16,,,,
SZ300709,2024-08-16,,,,
SH688390,2024-08-16,,,,
SH605098,2024-08-16,,,,
SZ301315,2024-08-16,,,,
SZ300785,2024-08-16,,,,
SH600581,2024-08-16,,,,
SZ300041,2024-08-16,,,,
SZ002549,2024-08-16,,,,
SH601226,2024-08-16,,,,
SZ002536,2024-08-16,,,,
SH688387,2024-08-16,,,,
SZ000862,2024-08-16,,,,
SZ002530,2024-08-16,,,,
SH688520,2024-08-16,,,,
SZ002150,2024-08-16,,,,
SZ002468,2024-08-16,,,,
SZ003021,2024-08-16,,,,
SH600335,2024-08-16,,,,
SZ000501,2024-08-16,,,,
SH600184,2024-08-16,,,,
SH600029,2024-08-16,,,,
SH600195,2024-08-16,,,,
SH601588,2024-08-16,,,,
SH600422,2024-08-16,,,,
SZ002116,2024-08-16,,,,
SZ300129,2024-08-16,,,,
SZ002267,2024-08-16,,,,
SH688052,2024-08-16,,,,
SH603156,2024-08-16,,,,
SZ300820,2024-08-16,,,,
SZ002379,2024-08-16,,,,
SZ000595,2024-08-16,,,,
SH600726,2024-08-16,,,,
SZ002221,2024-08-16,,,,
SZ000566,2024-08-16,,,,
SZ001258,2024-08-16,,,,
SH600643,2024-08-16,,,,
SZ300409,2024-08-16,,,,
SH603208,2024-08-16,,,,
SZ002065,2024-08-16,,,,
SZ002759,2024-08-16,,,,
SH600094,2024-08-16,,,,
SH605016,2024-08-16,,,,
SZ000797,2024-08-16,,,,
SZ000021,2024-08-16,,,,
SZ300160,2024-08-16,,,,
SH603871,2024-08-16,,,,
SZ003038,2024-08-16,,,,
SZ300224,2024-08-16,,,,
SZ002191,2024-08-16,,,,
SZ002326,2024-08-16,,,,
SZ300382,2024-08-16,,,,
SH600720,2024-08-16,,,,
SZ002690,2024-08-16,,,,
SZ002157,2024-08-16,,,,
SZ301058,2024-08-16,,,,
SH600133,2024-08-16,,,,
SZ002011,2024-08-16,,,,
SZ002353,2024-08-16,,,,
SH600248,2024-08-16,,,,
SZ002179,2024-08-16,,,,
SZ300953,2024-08-16,,,,
SH600810,2024-08-16,,,,
SZ000886,2024-08-16,,,,
SZ300005,2024-08-16,,,,
SH600933,2024-08-16,,,,
SZ002929,2024-08-16,,,,
SH600486,2024-08-16,,,,
SZ300054,2024-08-16,,,,
SZ002542,2024-08-16,,,,
SH600380,2024-08-16,,,,
SH603025,2024-08-16,,,,
SZ002292,2024-08-16,,,,
SZ002043,2024-08-16,,,,
SH600658,2024-08-16,,,,
SZ002483,2024-08-16,,,,
SZ002987,2024-08-16,,,,
SH603533,2024-08-16,,,,
SZ002698,2024-08-16,,,,
SH600206,2024-08-16,,,,
SH600662,2024-08-16,,,,
SH600736,2024-08-16,,,,
SZ301325,2024-08-16,,,,
SH600391,2024-08-16,,,,
SZ300435,2024-08-16,,,,
SZ002489,2024-08-16,,,,
SZ000029,2024-08-16,,,,
SZ002303,2024-08-16,,,,
SZ300696,2024-08-16,,,,
SH688275,2024-08-16,,,,
SH601882,2024-08-16,,,,
SH603612,2024-08-16,,,,
SZ300663,2024-08-16,,,,
SH601326,2024-08-16,,,,
SZ000958,2024-08-16,,,,
SH688295,2024-08-16,,,,
SZ002979,2024-08-16,,,,
SH600996,2024-08-16,,,,
SH603026,2024-08-16,,,,
SH600771,2024-08-16,,,,
SZ000559,2024-08-16,,,,
SZ301175,2024-08-16,,,,
SH600657,2024-08-16,,,,
SZ000546,2024-08-16,,,,
SZ002984,2024-08-16,,,,
SZ300587,2024-08-16,,,,
SZ300217,2024-08-16,,,,
SH601228,2024-08-16,,,,
SZ301035,2024-08-16,,,,
SZ300525,2024-08-16,,,,
SZ003037,2024-08-16,,,,
SZ300343,2024-08-16,,,,
SZ300185,2024-08-16,,,,
SH601568,2024-08-16,,,,
SH601015,2024-08-16,,,,
SH600376,2024-08-16,,,,
SH600645,2024-08-16,,,,
SZ002096,2024-08-16,,,,
SZ002918,2024-08-16,,,,
SZ002882,2024-08-16,,,,
SZ301370,2024-08-16,,,,
SZ301029,2024-08-16,,,,
SH688348,2024-08-16,,,,
SH600976,2024-08-16,,,,
SH603230,2024-08-16,,,,
SH600125,2024-08-16,,,,
SZ002006,2024-08-16,,,,
SH600925,2024-08-16,,,,
SH688100,2024-08-16,,,,
SH601068,2024-08-16,,,,
SZ000987,2024-08-16,,,,
SH603306,2024-08-16,,,,
SZ000969,2024-08-16,,,,
SZ002527,2024-08-16,,,,
SZ301308,2024-08-16,,,,
SZ002091,2024-08-16,,,,
SZ301090,2024-08-16,,,,
SH600550,2024-08-16,,,,
SZ300748,2024-08-16,,,,
SH688366,2024-08-16,,,,
SH600259,2024-08-16,,,,
SZ300055,2024-08-16,,,,
SH601949,2024-08-16,,,,
SH600416,2024-08-16,,,,
SZ300507,2024-08-16,,,,
SZ002440,2024-08-16,,,,
SZ003012,2024-08-16,,,,
SZ300285,2024-08-16,,,,
SH601020,2024-08-16,,,,
SZ300087,2024-08-16,,,,
SZ000025,2024-08-16,,,,
SH600098,2024-08-16,,,,
SZ300618,2024-08-16,,,,
SH600073,2024-08-16,,,,
SZ301333,2024-08-16,,,,
SZ002511,2024-08-16,,,,
SH688707,2024-08-16,,,,
SZ300184,2024-08-16,,,,
SH688385,2024-08-16,,,,
SZ301358,2024-08-16,,,,
SH601158,2024-08-16,,,,
SH601990,2024-08-16,,,,
SH688518,2024-08-16,,,,
SH600496,2024-08-16,,,,
SZ000967,2024-08-16,,,,
SZ002277,2024-08-16,,,,
SZ002648,2024-08-16,,,,
SZ000062,2024-08-16,,,,
SZ300222,2024-08-16,,,,
SZ300109,2024-08-16,,,,
SZ002079,2024-08-16,,,,
SH600596,2024-08-16,,,,
SZ300151,2024-08-16,,,,
SZ000902,2024-08-16,,,,
SH601858,2024-08-16,,,,
SZ002128,2024-08-16,,,,
SZ001389,2024-08-16,,,,
SH603650,2024-08-16,,,,
SZ000993,2024-08-16,,,,
SZ300182,2024-08-16,,,,
SH600300,2024-08-16,,,,
SH603379,2024-08-16,,,,
SH601111,2024-08-16,,,,
SH600305,2024-08-16,,,,
SH600740,2024-08-16,,,,
SH603348,2024-08-16,,,,
SZ002429,2024-08-16,,,,
SH600984,2024-08-16,,,,
SZ300025,2024-08-16,,,,
SZ000869,2024-08-16,,,,
SH600428,2024-08-16,,,,
SH688082,2024-08-16,,,,
SH600482,2024-08-16,,,,
SH601311,2024-08-16,,,,
SH601866,2024-08-16,,,,
SH601360,2024-08-16,,,,
SH600368,2024-08-16,,,,
SH600468,2024-08-16,,,,
SZ002108,2024-08-16,,,,
SZ002073,2024-08-16,,,,
SZ301291,2024-08-16,,,,
SZ301172,2024-08-16,,,,
SZ002891,2024-08-16,,,,
SZ300047,2024-08-16,,,,
SH605118,2024-08-16,,,,
SZ002163,2024-08-16,,,,
SH601369,2024-08-16,,,,
SH603083,2024-08-16,,,,
SH688023,2024-08-16,,,,
SH600053,2024-08-16,,,,
SZ000049,2024-08-16,,,,
SZ002320,2024-08-16,,,,
SH603663,2024-08-16,,,,
SZ300332,2024-08-16,,,,
SZ000738,2024-08-16,,,,
SH600604,2024-08-16,,,,
SH600580,2024-08-16,,,,
SH600207,2024-08-16,,,,
SH603605,2024-08-16,,,,
SH600284,2024-08-16,,,,
SH600691,2024-08-16,,,,
SZ300102,2024-08-16,,,,
SZ002421,2024-08-16,,,,
SZ002121,2024-08-16,,,,
SZ002707,2024-08-16,,,,
SH601801,2024-08-16,,,,
SZ002945,2024-08-16,,,,
SZ300145,2024-08-16,,,,
SZ000697,2024-08-16,,,,
SZ300661,2024-08-16,,,,
SZ301219,2024-08-16,,,,
SH600475,2024-08-16,,,,
SZ300432,2024-08-16,,,,
SH688303,2024-08-16,,,,
SH603100,2024-08-16,,,,
SZ001203,2024-08-16,,,,
SZ002284,2024-08-16,,,,
SH688183,2024-08-16,,,,
SH600509,2024-08-16,,,,
SZ000927,2024-08-16,,,,
SH601678,2024-08-16,,,,
SZ000301,2024-08-16,,,,
SZ300841,2024-08-16,,,,
SZ002345,2024-08-16,,,,
SZ300355,2024-08-16,,,,
SZ002470,2024-08-16,,,,
SH600586,2024-08-16,,,,
SH603317,2024-08-16,,,,
SH600058,2024-08-16,,,,
SH600478,2024-08-16,,,,
SZ002926,2024-08-16,,,,
SZ002033,2024-08-16,,,,
SZ300307,2024-08-16,,,,
SZ002122,2024-08-16,,,,
SH600548,2024-08-16,,,,
SH603888,2024-08-16,,,,
SH688200,2024-08-16,,,,
SH600523,2024-08-16,,,,
SZ002646,2024-08-16,,,,
SH603505,2024-08-16,,,,
SZ000767,2024-08-16,,,,
SZ002514,2024-08-16,,,,
SH600860,2024-08-16,,,,
SZ300008,2024-08-16,,,,
SZ002645,2024-08-16,,,,
SH688567,2024-08-16,,,,
SH601577,2024-08-16,,,,
SH600995,2024-08-16,,,,
SZ002007,2024-08-16,,,,
SH600839,2024-08-16,,,,
SZ002544,2024-08-16,,,,
SH600585,2024-08-16,,,,
SZ002233,2024-08-16,,,,
SH600663,2024-08-16,,,,
SH600929,2024-08-16,,,,
SH688543,2024-08-16,,,,
SZ301251,2024-08-16,,,,
SZ002413,2024-08-16,,,,
SH600025,2024-08-16,,,,
SZ300570,2024-08-16,,,,
SZ002044,2024-08-16,,,,
SZ300894,2024-08-16,,,,
SZ000088,2024-08-16,,,,
SZ000060,2024-08-16,,,,
SH600508,2024-08-16,,,,
SH688409,2024-08-16,,,,
SZ003039,2024-08-16,,,,
SH600606,2024-08-16,,,,
SH600552,2024-08-16,,,,
SH600483,2024-08-16,,,,
SH601619,2024-08-16,,,,
SZ300455,2024-08-16,,,,
SH600345,2024-08-16,,,,
SZ000006,2024-08-16,,,,
SZ002283,2024-08-16,,,,
SZ000061,2024-08-16,,,,
SZ000059,2024-08-16,,,,
SZ001289,2024-08-16,,,,
SH688538,2024-08-16,,,,
SZ002590,2024-08-16,,,,
SH603699,2024-08-16,,,,
SH603128,2024-08-16,,,,
SH601101,2024-08-16,,,,
SH600848,2024-08-16,,,,
SZ002010,2024-08-16,,,,
SH600633,2024-08-16,,,,
SH600989,2024-08-16,,,,
SH688063,2024-08-16,,,,
SZ300888,2024-08-16,,,,
SH603569,2024-08-16,,,,
SZ002701,2024-08-16,,,,
SH600639,2024-08-16,,,,
SZ300747,2024-08-16,,,,
SZ002612,2024-08-16,,,,
SH601208,2024-08-16,,,,
SH603599,2024-08-16,,,,
SZ002583,2024-08-16,,,,
SZ002902,2024-08-16,,,,
SZ000951,2024-08-16,,,,
SH600868,2024-08-16,,,,
SH601107,2024-08-16,,,,
SH603927,2024-08-16,,,,
SH600390,2024-08-16,,,,
SZ002274,2024-08-16,,,,
SH601200,2024-08-16,,,,
SH600037,2024-08-16,,,,
SZ002324,2024-08-16,,,,
SZ300035,2024-08-16,,,,
SZ002697,2024-08-16,,,,
SH603358,2024-08-16,,,,
SZ300260,2024-08-16,,,,
SH600623,2024-08-16,,,,
SZ002042,2024-08-16,,,,
SH600216,2024-08-16,,,,
SZ000429,2024-08-16,,,,
SZ003005,2024-08-16,,,,
SZ301168,2024-08-16,,,,
SZ002595,2024-08-16,,,,
SZ002797,2024-08-16,,,,
SZ000561,2024-08-16,,,,
SH601598,2024-08-16,,,,
SZ300861,2024-08-16,,,,
SH600787,2024-08-16,,,,
SZ000688,2024-08-16,,,,
SH600710,2024-08-16,,,,
SH601388,2024-08-16,,,,
SH601969,2024-08-16,,,,
SZ300510,2024-08-16,,,,
SZ300036,2024-08-16,,,,
SZ002408,2024-08-16,,,,
SH601222,2024-08-16,,,,
SH600340,2024-08-16,,,,
SZ000488,2024-08-16,,,,
SZ002928,2024-08-16,,,,
SZ000725,2024-08-16,,,,
SH600609,2024-08-16,,,,
SH601579,2024-08-16,,,,
SZ000700,2024-08-16,,,,
SZ300446,2024-08-16,,,,
SZ002218,2024-08-16,,,,
SZ000031,2024-08-16,,,,
SZ002749,2024-08-16,,,,
SZ002488,2024-08-16,,,,
SZ000627,2024-08-16,,,,
SZ002315,2024-08-16,,,,
SH600877,2024-08-16,,,,
SZ002785,2024-08-16,,,,
SZ001330,2024-08-16,,,,
SH600963,2024-08-16,,,,
SZ300497,2024-08-16,,,,
SH600986,2024-08-16,,,,
SH600728,2024-08-16,,,,
SH601890,2024-08-16,,,,
SH600138,2024-08-16,,,,
SH600238,2024-08-16,,,,
SZ002383,2024-08-16,,,,
SH603619,2024-08-16,,,,
SZ301030,2024-08-16,,,,
SZ000990,2024-08-16,,,,
SZ300037,2024-08-16,,,,
SZ002145,2024-08-16,,,,
SH603067,2024-08-16,,,,
SZ000811,2024-08-16,,,,
SZ002245,2024-08-16,,,,
SH603236,2024-08-16,,,,
SZ000720,2024-08-16,,,,
SZ300065,2024-08-16,,,,
SH603369,2024-08-16,,,,
SZ300140,2024-08-16,,,,
SZ000065,2024-08-16,,,,
SH600531,2024-08-16,,,,
SH600446,2024-08-16,,,,
SZ300315,2024-08-16,,,,
SH603197,2024-08-16,,,,
SZ000935,2024-08-16,,,,
SH601399,2024-08-16,,,,
SZ002705,2024-08-16,,,,
SH600535,2024-08-16,,,,
SZ301239,2024-08-16,,,,
SZ000401,2024-08-16,,,,
SZ000777,2024-08-16,,,,
SH603960,2024-08-16,,,,
SZ002716,2024-08-16,,,,
SZ002127,2024-08-16,,,,
SH600271,2024-08-16,,,,
SZ002329,2024-08-16,,,,
SH601163,2024-08-16,,,,
SH600210,2024-08-16,,,,
SZ300263,2024-08-16,,,,
SZ300487,2024-08-16,,,,
SZ002153,2024-08-16,,,,
SZ002239,2024-08-16,,,,
SH600827,2024-08-16,,,,
SZ300454,2024-08-16,,,,
SH601702,2024-08-16,,,,
SZ300010,2024-08-16,,,,
SH600959,2024-08-16,,,,
SZ002550,2024-08-16,,,,
SZ002378,2024-08-16,,,,
SZ002651,2024-08-16,,,,
SZ000830,2024-08-16,,,,
SH600871,2024-08-16,,,,
SZ001376,2024-08-16,,,,
SZ002453,2024-08-16,,,,
SZ300034,2024-08-16,,,,
SZ000718,2024-08-16,,,,
SH601886,2024-08-16,,,,
SH603300,2024-08-16,,,,
SH600966,2024-08-16,,,,
SH603979,2024-08-16,,,,
SZ301339,2024-08-16,,,,
SZ002747,2024-08-16,,,,
SH601633,2024-08-16,,,,
SZ001896,2024-08-16,,,,
SH601908,2024-08-16,,,,
SH688586,2024-08-16,,,,
SZ300027,2024-08-16,,,,
SZ000795,2024-08-16,,,,
SZ300737,2024-08-16,,,,
SZ002081,2024-08-16,,,,
SZ002640,2024-08-16,,,,
SH600675,2024-08-16,,,,
SH688065,2024-08-16,,,,
SH600782,2024-08-16,,,,
SH688116,2024-08-16,,,,
SH600110,2024-08-16,,,,
SH603906,2024-08-16,,,,
SH600126,2024-08-16,,,,
SZ000970,2024-08-16,,,,
SH605009,2024-08-16,,,,
SH603915,2024-08-16,,,,
SZ000685,2024-08-16,,,,
SZ002154,2024-08-16,,,,
SZ002373,2024-08-16,,,,
SH603613,2024-08-16,,,,
SZ000155,2024-08-16,,,,
SH603127,2024-08-16,,,,
SH601011,2024-08-16,,,,
SH600498,2024-08-16,,,,
SH600363,2024-08-16,,,,
SZ301050,2024-08-16,,,,
SH600208,2024-08-16,,,,
SH600179,2024-08-16,,,,
SZ300001,2024-08-16,,,,
SZ002060,2024-08-16,,,,
SZ000821,2024-08-16,,,,
SH600576,2024-08-16,,,,
SZ000709,2024-08-16,,,,
SZ002639,2024-08-16,,,,
SH601816,2024-08-16,,,,
SZ002859,2024-08-16,,,,
SH600635,2024-08-16,,,,
SZ002314,2024-08-16,,,,
SZ000883,2024-08-16,,,,
SH603997,2024-08-16,,,,
SZ002254,2024-08-16,,,,
SH601500,2024-08-16,,,,
SZ000758,2024-08-16,,,,
SZ002126,2024-08-16,,,,
SH688311,2024-08-16,,,,
SZ002250,2024-08-16,,,,
SH600225,2024-08-16,,,,
SZ002266,2024-08-16,,,,
SZ000903,2024-08-16,,,,
SZ002668,2024-08-16,,,,
SH600583,2024-08-16,,,,
SH603103,2024-08-16,,,,
SH600236,2024-08-16,,,,
SH601456,2024-08-16,,,,
SH600491,2024-08-16,,,,
SZ002068,2024-08-16,,,,
SZ002991,2024-08-16,,,,
SZ002301,2024-08-16,,,,
SZ300975,2024-08-16,,,,
SH600882,2024-08-16,,,,
SH600708,2024-08-16,,,,
SZ300093,2024-08-16,,,,
SH600688,2024-08-16,,,,
SZ300757,2024-08-16,,,,
SZ300142,2024-08-16,,,,
SZ300416,2024-08-16,,,,
SZ300459,2024-08-16,,,,
SH603687,2024-08-16,,,,
SZ002125,2024-08-16,,,,
SH688515,2024-08-16,,,,
SZ002556,2024-08-16,,,,
SH603863,2024-08-16,,,,
SZ301487,2024-08-16,,,,
SZ002249,2024-08-16,,,,
SH600389,2024-08-16,,,,
SZ300068,2024-08-16,,,,
SH600361,2024-08-16,,,,
SH600343,2024-08-16,,,,
SZ002123,2024-08-16,,,,
SZ002061,2024-08-16,,,,
SH603169,2024-08-16,,,,
SZ000592,2024-08-16,,,,
SZ000966,2024-08-16,,,,
SZ002039,2024-08-16,,,,
SH601019,2024-08-16,,,,
SZ301236,2024-08-16,,,,
SH603162,2024-08-16,,,,
SZ301500,2024-08-16,,,,
SH688037,2024-08-16,,,,
SZ300842,2024-08-16,,,,
SZ000928,2024-08-16,,,,
SZ301383,2024-08-16,,,,
SH600106,2024-08-16,,,,
SZ002500,2024-08-16,,,,
SH600655,2024-08-16,,,,
SZ000581,2024-08-16,,,,
SZ002563,2024-08-16,,,,
SZ002967,2024-08-16,,,,
SH601828,2024-08-16,,,,
SH603826,2024-08-16,,,,
SZ000837,2024-08-16,,,,
SZ000686,2024-08-16,,,,
SH601216,2024-08-16,,,,
SH600968,2024-08-16,,,,
SZ002608,2024-08-16,,,,
SZ000672,2024-08-16,,,,
SH600211,2024-08-16,,,,
SZ301171,2024-08-16,,,,
SZ300349,2024-08-16,,,,
SZ002252,2024-08-16,,,,
SH600909,2024-08-16,,,,
SH603396,2024-08-16,,,,
SH603589,2024-08-16,,,,
SZ000552,2024-08-16,,,,
SH600529,2024-08-16,,,,
SZ002400,2024-08-16,,,,
SZ300832,2024-08-16,,,,
SZ301517,2024-08-16,,,,
SZ300327,2024-08-16,,,,
SZ300210,2024-08-16,,,,
SZ301526,2024-08-16,,,,
SH600409,2024-08-16,,,,
SZ000949,2024-08-16,,,,
SZ002567,2024-08-16,,,,
SH688388,2024-08-16,,,,
SZ002498,2024-08-16,,,,
SZ300244,2024-08-16,,,,
SH603866,2024-08-16,,,,
SH600528,2024-08-16,,,,
SH600477,2024-08-16,,,,
SZ002497,2024-08-16,,,,
SH600667,2024-08-16,,,,
SH603218,2024-08-16,,,,
SZ000785,2024-08-16,,,,
SZ300413,2024-08-16,,,,
SZ300393,2024-08-16,,,,
SH603508,2024-08-16,,,,
SZ002519,2024-08-16,,,,
SZ002195,2024-08-16,,,,
SH600064,2024-08-16,,,,
SZ002063,2024-08-16,,,,
SZ301486,2024-08-16,,,,
SZ000596,2024-08-16,,,,
SH600755,2024-08-16,,,,
SH600816,2024-08-16,,,,
SH600266,2024-08-16,,,,
SH688498,2024-08-16,,,,
SH600801,2024-08-16,,,,
SH688598,2024-08-16,,,,
SZ002183,2024-08-16,,,,
SH688396,2024-08-16,,,,
SH603063,2024-08-16,,,,
SH600629,2024-08-16,,,,
SH600459,2024-08-16,,,,
SH601929,2024-08-16,,,,
SZ002966,2024-08-16,,,,
SZ300504,2024-08-16,,,,
SZ301078,2024-08-16,,,,
SH600597,2024-08-16,,,,
SZ002312,2024-08-16,,,,
SH688779,2024-08-16,,,,
SH600377,2024-08-16,,,,
SH688153,2024-08-16,,,,
SH601139,2024-08-16,,,,
SZ000683,2024-08-16,,,,
SZ300601,2024-08-16,,,,
SZ300442,2024-08-16,,,,
SZ002031,2024-08-16,,,,
SZ300161,2024-08-16,,,,
SZ002226,2024-08-16,,,,
SH600546,2024-08-16,,,,
SH600522,2024-08-16,,,,
SZ002717,2024-08-16,,,,
SZ301238,2024-08-16,,,,
SZ002706,2024-08-16,,,,
SH600100,2024-08-16,,,,
SZ000839,2024-08-16,,,,
SZ300552,2024-08-16,,,,
SZ002518,2024-08-16,,,,
SZ301080,2024-08-16,,,,
SH601126,2024-08-16,,,,
SZ002167,2024-08-16,,,,
SZ000090,2024-08-16,,,,
SZ300666,2024-08-16,,,,
SZ002906,2024-08-16,,,,
SH600637,2024-08-16,,,,
SH688033,2024-08-16,,,,
SZ002426,2024-08-16,,,,
SZ003022,2024-08-16,,,,
SH603305,2024-08-16,,,,
SZ002053,2024-08-16,,,,
SH600201,2024-08-16,,,,
SH600610,2024-08-16,,,,
SH600562,2024-08-16,,,,
SZ000959,2024-08-16,,,,
SH600199,2024-08-16,,,,
SZ002960,2024-08-16,,,,
SZ300280,2024-08-16,,,,
SH688631,2024-08-16,,,,
SZ002064,2024-08-16,,,,
SZ000563,2024-08-16,,,,
SH600507,2024-08-16,,,,
SZ300390,2024-08-16,,,,
SZ300072,2024-08-16,,,,
SZ000008,2024-08-16,,,,
SZ301221,2024-08-16,,,,
SH600310,2024-08-16,,,,
SZ300527,2024-08-16,,,,
SZ002185,2024-08-16,,,,
SH601118,2024-08-16,,,,
SZ300855,2024-08-16,,,,
SZ300783,2024-08-16,,,,
SH603609,2024-08-16,,,,
SH688425,2024-08-16,,,,
SH605007,2024-08-16,,,,
SH600328,2024-08-16,,,,
SZ001287,2024-08-16,,,,
SZ300146,2024-08-16,,,,
SH603212,2024-08-16,,,,
SH600072,2024-08-16,,,,
SZ002851,2024-08-16,,,,
SZ000957,2024-08-16,,,,
SZ000868,2024-08-16,,,,
SH601880,2024-08-16,,,,
SZ000550,2024-08-16,,,,
SH603043,2024-08-16,,,,
SZ002936,2024-08-16,,,,
SZ300357,2024-08-16,,,,
SZ300366,2024-08-16,,,,
SH688126,2024-08-16,,,,
SZ000997,2024-08-16,,,,
SZ000893,2024-08-16,,,,
SH600602,2024-08-16,,,,
SH688361,2024-08-16,,,,
SH600487,2024-08-16,,,,
SH600640,2024-08-16,,,,
SZ000600,2024-08-16,,,,
SZ300177,2024-08-16,,,,
SH600567,2024-08-16,,,,
SZ002246,2024-08-16,,,,
SZ000825,2024-08-16,,,,
SZ000729,2024-08-16,,,,
SH688339,2024-08-16,,,,
SZ002791,2024-08-16,,,,
SZ001301,2024-08-16,,,,
SH600516,2024-08-16,,,,
SH600941,2024-08-16,,,,
SZ301155,2024-08-16,,,,
SH603077,2024-08-16,,,,
SH688131,2024-08-16,,,,
SH603105,2024-08-16,,,,
SZ000860,2024-08-16,,,,
SZ300724,2024-08-16,,,,
SH600612,2024-08-16,,,,
SZ000657,2024-08-16,,,,
SZ000708,2024-08-16,,,,
SZ002714,2024-08-16,,,,
SH600956,2024-08-16,,,,
SH600480,2024-08-16,,,,
SH688690,2024-08-16,,,,
SZ000877,2024-08-16,,,,
SZ002455,2024-08-16,,,,
SZ000682,2024-08-16,,,,
SH600258,2024-08-16,,,,
SH601567,2024-08-16,,,,
SZ300316,2024-08-16,,,,
SH600598,2024-08-16,,,,
SH600116,2024-08-16,,,,
SH600032,2024-08-16,,,,
SH688141,2024-08-16,,,,
SH601066,2024-08-16,,,,
SH601898,2024-08-16,,,,
SH603279,2024-08-16,,,,
SH600063,2024-08-16,,,,
SH600649,2024-08-16,,,,
SH600906,2024-08-16,,,,
SH601958,2024-08-16,,,,
SH600888,2024-08-16,,,,
SH688017,2024-08-16,,,,
SH600315,2024-08-16,,,,
SZ300252,2024-08-16,,,,
SH600309,2024-08-16,,,,
SH600233,2024-08-16,,,,
SH600961,2024-08-16,,,,
SH601718,2024-08-16,,,,
SZ002256,2024-08-16,,,,
SZ003035,2024-08-16,,,,
SZ002276,2024-08-16,,,,
SH600977,2024-08-16,,,,
SH601991,2024-08-16,,,,
SZ000930,2024-08-16,,,,
SZ002151,2024-08-16,,,,
SH603801,2024-08-16,,,,
SZ002832,2024-08-16,,,,
SH605589,2024-08-16,,,,
SZ000537,2024-08-16,,,,
SZ002508,2024-08-16,,,,
SZ300910,2024-08-16,,,,
SH600705,2024-08-16,,,,
SH603985,2024-08-16,,,,
SZ000420,2024-08-16,,,,
SZ301260,2024-08-16,,,,
SZ000039,2024-08-16,,,,
SH688270,2024-08-16,,,,
SZ300130,2024-08-16,,,,
SH600536,2024-08-16,,,,
SH601198,2024-08-16,,,,
SZ300662,2024-08-16,,,,
SH600517,2024-08-16,,,,
SZ002487,2024-08-16,,,,
SZ000539,2024-08-16,,,,
SZ300919,2024-08-16,,,,
SZ002895,2024-08-16,,,,
SH600895,2024-08-16,,,,
SZ002617,2024-08-16,,,,
SZ300379,2024-08-16,,,,
SZ002182,2024-08-16,,,,
SH600864,2024-08-16,,,,
SZ300972,2024-08-16,,,,
SZ000736,2024-08-16,,,,
SZ002736,2024-08-16,,,,
SZ300058,2024-08-16,,,,
SZ002368,2024-08-16,,,,
SH600499,2024-08-16,,,,
SH601992,2024-08-16,,,,
SH600141,2024-08-16,,,,
SZ002625,2024-08-16,,,,
SZ002506,2024-08-16,,,,
SZ002015,2024-08-16,,,,
SH600111,2024-08-16,,,,
SZ002585,2024-08-16,,,,
SH600808,2024-08-16,,,,
SZ300740,2024-08-16,,,,
SH600346,2024-08-16,,,,
SH601727,2024-08-16,,,,
SH600739,2024-08-16,,,,
SZ002531,2024-08-16,,,,
SH601059,2024-08-16,,,,
SZ300973,2024-08-16,,,,
SZ002050,2024-08-16,,,,
SZ000791,2024-08-16,,,,
SZ002204,2024-08-16,,,,
SZ000166,2024-08-16,,,,
SH600729,2024-08-16,,,,
SH688111,2024-08-16,,,,
SZ000422,2024-08-16,,,,
SZ300144,2024-08-16,,,,
SH600038,2024-08-16,,,,
SH688561,2024-08-16,,,,
SH601137,2024-08-16,,,,
SH601236,2024-08-16,,,,
SH600348,2024-08-16,,,,
SZ300094,2024-08-16,,,,
SH605090,2024-08-16,,,,
SZ002131,2024-08-16,,,,
SH688027,2024-08-16,,,,
SZ300101,2024-08-16,,,,
SZ000603,2024-08-16,,,,
SH600155,2024-08-16,,,,
SZ301091,2024-08-16,,,,
SH601108,2024-08-16,,,,
SZ001270,2024-08-16,,,,
SH600089,2024-08-16,,,,
SZ002046,2024-08-16,,,,
SZ001314,2024-08-16,,,,
SZ300397,2024-08-16,,,,
SZ000035,2024-08-16,,,,
SH600171,2024-08-16,,,,
SZ000415,2024-08-16,,,,
SZ300118,2024-08-16,,,,
SH603225,2024-08-16,,,,
SZ002416,2024-08-16,,,,
SZ000998,2024-08-16,,,,
SZ000829,2024-08-16,,,,
SZ002202,2024-08-16,,,,
SH603000,2024-08-16,,,,
SZ002270,2024-08-16,,,,
SZ300017,2024-08-16,,,,
SZ000572,2024-08-16,,,,
SH600699,2024-08-16,,,,
SH603606,2024-08-16,,,,
SH600745,2024-08-16,,,,
SH601696,2024-08-16,,,,
SH601390,2024-08-16,,,,
SH603939,2024-08-16,,,,
SH600352,2024-08-16,,,,
SZ002843,2024-08-16,,,,
SZ000612,2024-08-16,,,,
SZ000810,2024-08-16,,,,
SZ300722,2024-08-16,,,,
SH600754,2024-08-16,,,,
SH600537,2024-08-16,,,,
SH600732,2024-08-16,,,,
SZ002939,2024-08-16,,,,
SH600588,2024-08-16,,,,
SH603160,2024-08-16,,,,
SH603118,2024-08-16,,,,
SZ300773,2024-08-16,,,,
SZ002176,2024-08-16,,,,
SZ000750,2024-08-16,,,,
SZ300627,2024-08-16,,,,
SH600143,2024-08-16,,,,
SZ000728,2024-08-16,,,,
SZ002941,2024-08-16,,,,
SH600578,2024-08-16,,,,
SZ300793,2024-08-16,,,,
SZ300364,2024-08-16,,,,
SZ002027,2024-08-16,,,,
SH603399,2024-08-16,,,,
SZ301498,2024-08-16,,,,
SH603737,2024-08-16,,,,
SZ300287,2024-08-16,,,,
SH600884,2024-08-16,,,,
SZ002111,2024-08-16,,,,
SH600461,2024-08-16,,,,
SH601377,2024-08-16,,,,
SZ000818,2024-08-16,,,,
SZ300045,2024-08-16,,,,
SZ002212,2024-08-16,,,,
SZ300682,2024-08-16,,,,
SH600817,2024-08-16,,,,
SZ002501,2024-08-16,,,,
SZ001337,2024-08-16,,,,
SZ002683,2024-08-16,,,,
SZ000801,2024-08-16,,,,
SH600323,2024-08-16,,,,
SZ000402,2024-08-16,,,,
SH600673,2024-08-16,,,,
SH600088,2024-08-16,,,,
SZ002507,2024-08-16,,,,
SZ300857,2024-08-16,,,,
SZ300342,2024-08-16,,,,
SZ002430,2024-08-16,,,,
SZ000778,2024-08-16,,,,
SZ002097,2024-08-16,,,,
SH688556,2024-08-16,,,,
SH600008,2024-08-16,,,,
SH600185,2024-08-16,,,,
SH600006,2024-08-16,,,,
SH600566,2024-08-16,,,,
SH688122,2024-08-16,,,,
SH601375,2024-08-16,,,,
SH600426,2024-08-16,,,,
SH600497,2024-08-16,,,,
SH688066,2024-08-16,,,,
SH688005,2024-08-16,,,,
SH600325,2024-08-16,,,,
SH688008,2024-08-16,,,,
SZ002673,2024-08-16,,,,
SH600398,2024-08-16,,,,
SZ300180,2024-08-16,,,,
SZ002080,2024-08-16,,,,
SH600958,2024-08-16,,,,
SZ002624,2024-08-16,,,,
SH600436,2024-08-16,,,,
SZ002407,2024-08-16,,,,
SZ000876,2024-08-16,,,,
SH600863,2024-08-16,,,,
SH601128,2024-08-16,,,,
SH688363,2024-08-16,,,,
SZ002120,2024-08-16,,,,
SH600295,2024-08-16,,,,
SZ000066,2024-08-16,,,,
SZ002077,2024-08-16,,,,
SH603588,2024-08-16,,,,
SZ000878,2024-08-16,,,,
SZ000800,2024-08-16,,,,
SZ000032,2024-08-16,,,,
SH601233,2024-08-16,,,,
SH601212,2024-08-16,,,,
SZ300223,2024-08-16,,,,
SH600114,2024-08-16,,,,
SZ300896,2024-08-16,,,,
SZ000762,2024-08-16,,,,
SZ000807,2024-08-16,,,,
SZ300551,2024-08-16,,,,
SZ002865,2024-08-16,,,,
SZ002727,2024-08-16,,,,
SH601608,2024-08-16,,,,
SZ000543,2024-08-16,,,,
SZ000063,2024-08-16,,,,
SH688578,2024-08-16,,,,
SZ000408,2024-08-16,,,,
SZ002340,2024-08-16,,,,
SZ300457,2024-08-16,,,,
SH688516,2024-08-16,,,,
SZ002100,2024-08-16,,,,
SZ300693,2024-08-16,,,,
SZ300284,2024-08-16,,,,
SH600153,2024-08-16,,,,
SH603799,2024-08-16,,,,
SZ002541,2024-08-16,,,,
SZ300395,2024-08-16,,,,
SZ000690,2024-08-16,,,,
SH603486,2024-08-16,,,,
SH688009,2024-08-16,,,,
SZ002568,2024-08-16,,,,
SZ002821,2024-08-16,,,,
SH601333,2024-08-16,,,,
SZ300726,2024-08-16,,,,
SH601666,2024-08-16,,,,
SZ002761,2024-08-16,,,,
SH600547,2024-08-16,,,,
SH603885,2024-08-16,,,,
SZ300458,2024-08-16,,,,
SZ002171,2024-08-16,,,,
SZ002428,2024-08-16,,,,
SH600166,2024-08-16,,,,
SZ300075,2024-08-16,,,,
SZ002240,2024-08-16,,,,
SH600004,2024-08-16,,,,
SH688766,2024-08-16,,,,
SH600157,2024-08-16,,,,
SZ300576,2024-08-16,,,,
SZ002023,2024-08-16,,,,
SH600369,2024-08-16,,,,
SZ000560,2024-08-16,,,,
SZ000799,2024-08-16,,,,
SZ300168,2024-08-16,,,,
SZ000895,2024-08-16,,,,
SH603393,2024-08-16,,,,
SZ002229,2024-08-16,,,,
SH603267,2024-08-16,,,,
SZ002557,2024-08-16,,,,
SH600177,2024-08-16,,,,
SZ300123,2024-08-16,,,,
SZ301312,2024-08-16,,,,
SZ000069,2024-08-16,,,,
SZ002268,2024-08-16,,,,
SH600481,2024-08-16,,,,
SH601021,2024-08-16,,,,
SZ002422,2024-08-16,,,,
SH688728,2024-08-16,,,,
SZ002517,2024-08-16,,,,
SZ000932,2024-08-16,,,,
SH601211,2024-08-16,,,,
SH600490,2024-08-16,,,,
SH601618,2024-08-16,,,,
SZ000776,2024-08-16,,,,
SZ300568,2024-08-16,,,,
SZ300866,2024-08-16,,,,
SH600763,2024-08-16,,,,
SH600109,2024-08-16,,,,
SH605111,2024-08-16,,,,
SH601966,2024-08-16,,,,
SZ002654,2024-08-16,,,,
SH601928,2024-08-16,,,,
SH603596,2024-08-16,,,,
SZ301316,2024-08-16,,,,
SH603228,2024-08-16,,,,
SZ300957,2024-08-16,,,,
SZ300251,2024-08-16,,,,
SZ000521,2024-08-16,,,,
SH603298,2024-08-16,,,,
SH600549,2024-08-16,,,,
SH603198,2024-08-16,,,,
SH688276,2024-08-16,,,,
SZ301269,2024-08-16,,,,
SH600392,2024-08-16,,,,
SZ002335,2024-08-16,,,,
SH601877,2024-08-16,,,,
SH601016,2024-08-16,,,,
SH600703,2024-08-16,,,,
SZ300197,2024-08-16,,,,
SH688139,2024-08-16,,,,
SZ300323,2024-08-16,,,,
SZ000703,2024-08-16,,,,
SZ300456,2024-08-16,,,,
SH601788,2024-08-16,,,,
SH601677,2024-08-16,,,,
SH603005,2024-08-16,,,,
SZ300070,2024-08-16,,,,
SH603185,2024-08-16,,,,
SH601168,2024-08-16,,,,
SH600674,2024-08-16,,,,
SZ000629,2024-08-16,,,,
SH600901,2024-08-16,,,,
SH601077,2024-08-16,,,,
SZ002074,2024-08-16,,,,
SH688772,2024-08-16,,,,
SZ300573,2024-08-16,,,,
SZ000628,2024-08-16,,,,
SZ300346,2024-08-16,,,,
SH601006,2024-08-16,,,,
SH600115,2024-08-16,,,,
SH688120,2024-08-16,,,,
SZ002493,2024-08-16,,,,
SZ000009,2024-08-16,,,,
SH603187,2024-08-16,,,,
SZ000651,2024-08-16,,,,
SZ300999,2024-08-16,,,,
SZ000723,2024-08-16,,,,
SH600298,2024-08-16,,,,
SZ001979,2024-08-16,,,,
SH600737,2024-08-16,,,,
SH600887,2024-08-16,,,,
SZ000922,2024-08-16,,,,
SH688608,2024-08-16,,,,
SZ002008,2024-08-16,,,,
SH688777,2024-08-16,,,,
SH688002,2024-08-16,,,,
SZ002603,2024-08-16,,,,
SZ002372,2024-08-16,,,,
SZ000783,2024-08-16,,,,
SZ002739,2024-08-16,,,,
SZ000591,2024-08-16,,,,
SH600511,2024-08-16,,,,
SZ002049,2024-08-16,,,,
SH600919,2024-08-16,,,,
SZ300762,2024-08-16,,,,
SH601989,2024-08-16,,,,
SZ002244,2024-08-16,,,,
SZ300079,2024-08-16,,,,
SZ000792,2024-08-16,,,,
SZ000899,2024-08-16,,,,
SZ300073,2024-08-16,,,,
SH600030,2024-08-16,,,,
SH600875,2024-08-16,,,,
SZ000338,2024-08-16,,,,
SZ002532,2024-08-16,,,,
SH601298,2024-08-16,,,,
SH603568,2024-08-16,,,,
SZ002850,2024-08-16,,,,
SZ300769,2024-08-16,,,,
SZ300003,2024-08-16,,,,
SZ301071,2024-08-16,,,,
SH600023,2024-08-16,,,,
SZ000598,2024-08-16,,,,
SH600916,2024-08-16,,,,
SZ002304,2024-08-16,,,,
SZ002192,2024-08-16,,,,
SH601000,2024-08-16,,,,
SH688187,2024-08-16,,,,
SH600872,2024-08-16,,,,
SZ001286,2024-08-16,,,,
SZ300777,2024-08-16,,,,
SH600039,2024-08-16,,,,
SH603019,2024-08-16,,,,
SH600789,2024-08-16,,,,
SZ300098,2024-08-16,,,,
SZ300751,2024-08-16,,,,
SH601555,2024-08-16,,,,
SZ300776,2024-08-16,,,,
SH600660,2024-08-16,,,,
SZ000027,2024-08-16,,,,
SZ002415,2024-08-16,,,,
SZ000980,2024-08-16,,,,
SZ002472,2024-08-16,,,,
SZ300122,2024-08-16,,,,
SH603899,2024-08-16,,,,
SH601162,2024-08-16,,,,
SH600835,2024-08-16,,,,
SZ000712,2024-08-16,,,,
SH600021,2024-08-16,,,,
SZ000831,2024-08-16,,,,
SH601001,2024-08-16,,,,
SZ000938,2024-08-16,,,,
SZ002385,2024-08-16,,,,
SH688271,2024-08-16,,,,
SZ300212,2024-08-16,,,,
SH600595,2024-08-16,,,,
SZ000425,2024-08-16,,,,
SH600704,2024-08-16,,,,
SZ002465,2024-08-16,,,,
SH600061,2024-08-16,,,,
SZ300450,2024-08-16,,,,
SZ300014,2024-08-16,,,,
SZ000625,2024-08-16,,,,
SH600642,2024-08-16,,,,
SZ000733,2024-08-16,,,,
SZ300782,2024-08-16,,,,
SH600702,2024-08-16,,,,
SZ002653,2024-08-16,,,,
SH603288,2024-08-16,,,,
SH600031,2024-08-16,,,,
SZ002756,2024-08-16,,,,
SZ000100,2024-08-16,,,,
SZ000875,2024-08-16,,,,
SH603816,2024-08-16,,,,
SZ002078,2024-08-16,,,,
SZ300124,2024-08-16,,,,
SH600104,2024-08-16,,,,
SH601155,2024-08-16,,,,
SZ300438,2024-08-16,,,,
SH600170,2024-08-16,,,,
SH603129,2024-08-16,,,,
SZ002572,2024-08-16,,,,
SZ000547,2024-08-16,,,,
SZ002232,2024-08-16,,,,
SH601689,2024-08-16,,,,
SH601868,2024-08-16,,,,
SH601918,2024-08-16,,,,
SZ000630,2024-08-16,,,,
SZ000089,2024-08-16,,,,
SH600570,2024-08-16,,,,
SZ002138,2024-08-16,,,,
SH601615,2024-08-16,,,,
SZ002466,2024-08-16,,,,
SZ000737,2024-08-16,,,,
SH600027,2024-08-16,,,,
SZ002459,2024-08-16,,,,
SH688041,2024-08-16,,,,
SH603345,2024-08-16,,,,
SH603290,2024-08-16,,,,
SZ300339,2024-08-16,,,,
SH600060,2024-08-16,,,,
SH601088,2024-08-16,,,,
SH600132,2024-08-16,,,,
SH600009,2024-08-16,,,,
SH600399,2024-08-16,,,,
SH600011,2024-08-16,,,,
SH600415,2024-08-16,,,,
SZ300015,2024-08-16,,,,
SZ300053,2024-08-16,,,,
SZ000933,2024-08-16,,,,
SH600200,2024-08-16,,,,
SZ300433,2024-08-16,,,,
SH601179,2024-08-16,,,,
SH601865,2024-08-16,,,,
SH600795,2024-08-16,,,,
SH600779,2024-08-16,,,,
SH600406,2024-08-16,,,,
SZ000426,2024-08-16,,,,
SH601099,2024-08-16,,,,
SH600452,2024-08-16,,,,
SH601888,2024-08-16,,,,
SZ002812,2024-08-16,,,,
SH600301,2024-08-16,,,,
SH603688,2024-08-16,,,,
SZ000519,2024-08-16,,,,
SZ002439,2024-08-16,,,,
SH600905,2024-08-16,,,,
SH688333,2024-08-16,,,,
SH688599,2024-08-16,,,,
SZ000977,2024-08-16,,,,
SH600988,2024-08-16,,,,
SZ002384,2024-08-16,,,,
SZ002555,2024-08-16,,,,
SH600690,2024-08-16,,,,
SZ002156,2024-08-16,,,,
SH603806,2024-08-16,,,,
SZ002709,2024-08-16,,,,
SH601899,2024-08-16,,,,
SZ002230,2024-08-16,,,,
SZ003816,2024-08-16,,,,
SZ002642,2024-08-16,,,,
SH688188,2024-08-16,,,,
SH600048,2024-08-16,,,,
SH603259,2024-08-16,,,,
SH600885,2024-08-16,,,,
SH603993,2024-08-16,,,,
SH601766,2024-08-16,,,,
SZ002460,2024-08-16,,,,
SZ002223,2024-08-16,,,,
SZ300476,2024-08-16,,,,
SH600066,2024-08-16,,,,
SH600019,2024-08-16,,,,
SH601600,2024-08-16,,,,
SH600845,2024-08-16,,,,
SH688169,2024-08-16,,,,
SH603882,2024-08-16,,,,
SH600741,2024-08-16,,,,
SZ002938,2024-08-16,,,,
SH601225,2024-08-16,,,,
SH603883,2024-08-16,,,,
SZ002916,2024-08-16,,,,
SH688036,2024-08-16,,,,
SH601901,2024-08-16,,,,
SZ300498,2024-08-16,,,,
SH600886,2024-08-16,,,,
SZ002155,2024-08-16,,,,
SH600150,2024-08-16,,,,
SZ000002,2024-08-16,,,,
SH601688,2024-08-16,,,,
SZ000333,2024-08-16,,,,
SZ000858,2024-08-16,,,,
SH601669,2024-08-16,,,,
SH600686,2024-08-16,,,,
SH601985,2024-08-16,,,,
SZ000568,2024-08-16,,,,
SZ002271,2024-08-16,,,,
SH603501,2024-08-16,,,,
SZ002607,2024-08-16,,,,
SZ002142,2024-08-16,,,,
SH601012,2024-08-16,,,,
SZ300750,2024-08-16,,,,
SZ002594,2024-08-16,,,,
