instrument,datetime,nb_hold_pct,nb_hold_mv,nb_hold_chg
SZ002641,2020-06-15,0.04,3707200.0,
SZ002641,2020-06-16,0.02,1725226.3,-311766.0
SZ002641,2020-06-17,0.05,4524947.28,413308.0
SZ002641,2020-06-18,0.07,5653795.08,177300.0
SZ002641,2020-06-19,0.09,7765430.24,283330.0
SZ002641,2020-06-22,0.08,6188267.44,-208100.0
SZ002641,2020-06-23,0.07,5235794.52,-107324.0
SZ002641,2020-06-24,0.06,4973054.1,-42838.0
SZ002641,2020-06-29,0.07,5713169.6,107000.0
SZ002641,2020-07-02,0.17,14903526.24,1148538.0
SZ002641,2020-07-03,0.28,23465433.9,1194995.0
SZ002641,2020-07-06,0.24,20652256.58,-419821.0
SZ002641,2020-07-07,0.25,20750576.36,32432.0
SZ002641,2020-07-08,0.24,20456130.0,-99570.0
SZ002641,2020-07-09,0.23,21032710.8,-81860.0
SZ002641,2020-07-10,0.25,21864722.96,186594.0
SZ002641,2020-07-13,0.27,24335637.57,205939.0
SZ002641,2020-07-14,0.36,31845067.8,1044544.0
SZ002641,2020-07-15,0.49,43761233.28,1470755.0
SZ002641,2020-07-16,0.5,43375951.35,116603.0
SZ002641,2020-07-17,0.53,46242499.6,289026.0
SZ002641,2020-07-20,0.52,48965898.68,-115899.0
SZ002641,2020-07-21,0.37,36215117.38,-1685308.0
SZ002641,2020-07-22,0.51,52022697.72,1674263.0
SZ002641,2020-07-23,0.48,48116210.87,-407540.0
SZ002641,2020-07-24,0.47,43893785.64,-142557.0
SZ002641,2020-07-27,0.37,35079824.76,-1075830.0
SZ002641,2020-07-28,0.45,43631431.68,939002.0
SZ002641,2020-07-29,0.7,68169817.8,2781507.0
SZ002641,2020-07-30,0.71,69996547.53,109620.0
SZ002641,2020-07-31,0.72,70273653.24,59700.0
SZ002641,2020-08-03,0.74,72700230.21,289220.0
SZ002641,2020-08-04,0.97,93006372.06,2608398.0
SZ002641,2020-08-05,1.08,106141835.7,1206550.0
SZ002641,2020-08-06,1.11,107762829.91,344938.0
SZ002641,2020-08-07,1.1,104958979.45,-123968.0
SZ002641,2020-08-10,1.27,128758349.03,1901216.0
SZ002641,2020-08-11,1.17,113740900.05,-1173160.0
SZ002641,2020-08-12,1.14,108518571.7,-337127.0
SZ002641,2020-08-13,1.1,103911645.6,-441676.0
SZ002641,2020-08-14,1.07,102729121.5,-284655.0
SZ002641,2020-08-17,1.13,112119180.8,655037.0
SZ002641,2020-08-18,1.42,146127430.35,3264379.0
SZ002641,2020-08-19,1.45,151206409.17,306176.0
SZ002641,2020-08-20,1.41,147704173.44,-394973.0
SZ002641,2020-08-21,1.34,133835509.68,-810810.0
SZ002641,2020-08-24,1.42,143151275.54,924790.0
SZ002641,2020-08-25,1.43,148931336.25,70307.0
SZ002641,2020-08-26,1.44,149375119.32,100521.0
SZ002641,2020-08-27,1.49,152408055.8,546932.0
SZ002641,2020-08-28,1.51,157168593.12,261450.0
SZ002641,2020-08-31,1.5,152698491.96,-99456.0
SZ002641,2020-09-01,1.53,156081894.88,279504.0
SZ002641,2020-09-02,1.55,158145181.44,304300.0
SZ002641,2020-09-03,1.58,158617833.66,308290.0
SZ002641,2020-09-04,1.62,158068136.45,471547.0
SZ002641,2020-09-07,1.63,157244570.34,53100.0
SZ002641,2020-09-08,1.67,160892587.28,468990.0
SZ002641,2020-09-09,1.69,154350760.83,236290.0
SZ002641,2020-09-10,1.78,159487341.98,1054414.0
SZ002641,2020-09-11,1.83,168287671.7,486498.0
SZ002641,2020-09-14,1.84,166428988.92,127058.0
SZ002641,2020-09-15,1.86,170386260.22,231850.0
SZ002641,2020-09-16,1.87,171593873.45,122490.0
SZ002641,2020-09-17,1.91,173261955.81,415420.0
SZ002641,2020-09-18,1.94,178313032.92,435895.0
SZ002641,2020-09-21,1.93,175042076.76,-215310.0
SZ002641,2020-09-22,1.9,169988238.12,-281370.0
SZ002641,2020-09-23,1.9,169693261.14,-10200.0
SZ002641,2020-09-24,1.86,160396554.68,-459400.0
SZ002641,2020-09-25,1.99,169666657.75,1532907.0
SZ002641,2020-09-28,1.95,165248049.85,-468670.0
SZ002641,2020-09-29,1.95,165206016.3,-64025.0
SZ002641,2020-09-30,1.91,163864661.27,-406903.0
SZ002641,2020-10-09,2.05,185611511.6,1610773.0
SZ002641,2020-10-12,2.19,217167168.96,1478548.0
SZ002641,2020-10-14,2.01,189653680.3,-1772287.0
SZ002641,2020-10-15,1.9,179449469.4,-1229423.0
SZ002641,2020-10-16,1.95,185807066.78,552263.0
SZ002641,2020-10-19,1.92,179737690.86,-412670.0
SZ002641,2020-10-20,1.78,167392942.92,-1543472.0
SZ002641,2020-10-21,1.64,157421583.0,-1520389.0
SZ002641,2020-10-22,1.63,154220261.25,-2785.0
SZ002641,2020-10-27,1.75,163461844.2,1363303.0
SZ002641,2020-10-28,1.78,156329985.6,405372.0
SZ002641,2020-10-29,1.98,172270387.98,2880831.0
SZ002641,2020-10-30,2.02,173209547.0,548101.0
SZ002641,2020-11-02,2.06,177716390.3,453739.0
SZ002641,2020-11-03,2.08,181429147.24,272541.0
SZ002641,2020-11-04,2.06,177738018.64,-202689.0
SZ002641,2020-11-05,2.05,179143233.15,-41334.0
SZ002641,2020-11-06,2.04,176405800.48,-141663.0
SZ002641,2020-11-09,2.03,179060723.4,-66826.0
SZ002641,2020-11-10,2.01,170545312.68,-76419.0
SZ002641,2020-11-11,2.03,171852882.08,253447.0
SZ002641,2020-11-12,2.03,171606214.35,-461.0
SZ002641,2020-11-13,1.97,169499044.0,-635147.0
SZ002641,2020-11-16,2.0,176136146.73,455177.0
SZ002641,2020-11-17,1.94,172746160.62,-367100.0
SZ002641,2020-11-18,1.99,179100457.56,773727.0
SZ002641,2020-11-19,2.0,180123900.66,140390.0
SZ002641,2020-11-20,2.03,183864139.03,444059.0
SZ002641,2020-11-23,2.04,188424744.4,139499.0
SZ002641,2020-11-24,2.02,185617380.39,-242333.0
SZ002641,2020-11-25,1.98,177407282.5,-579609.0
SZ002641,2020-11-26,1.94,171125397.92,-435504.0
SZ002641,2020-11-27,1.92,168050126.04,-231332.0
SZ002641,2020-11-30,1.88,163588058.85,-466749.0
SZ002641,2020-12-01,1.9,166528632.34,217877.0
SZ002641,2020-12-02,1.92,169809235.06,261900.0
SZ002641,2020-12-03,1.95,172338709.4,287154.0
SZ002641,2020-12-04,1.94,175156355.92,-43377.0
SZ002641,2020-12-07,1.93,172798844.76,-126581.0
SZ002641,2020-12-08,1.92,171037795.6,-111938.0
SZ002641,2020-12-09,1.97,177470721.78,623583.0
SZ002641,2020-12-10,1.9,170905115.63,-936734.0
SZ002641,2020-12-11,1.82,160404600.42,-947847.0
SZ002641,2020-12-14,1.79,158668707.44,-399988.0
SZ002641,2020-12-15,1.8,157511372.52,86935.0
SZ002641,2020-12-16,1.77,152789184.24,-294900.0
SZ002641,2020-12-17,1.81,153020163.96,418900.0
SZ002641,2020-12-18,1.75,144515259.7,-639751.0
SZ002641,2020-12-21,1.72,144240486.0,-394268.0
SZ002641,2020-12-22,1.67,135212948.72,-630926.0
SZ002641,2020-12-23,1.68,135218830.5,96473.0
SZ002641,2020-12-28,1.68,131280307.2,35247.0
SZ002641,2020-12-29,1.7,132543663.85,167191.0
SZ002641,2020-12-30,1.78,136906930.6,1076428.0
SZ002641,2020-12-31,1.89,149068170.46,1283154.0
SZ002641,2021-01-04,1.9,154488813.03,149362.0
SZ002641,2021-01-05,2.07,171779019.5,2086171.0
SZ002641,2021-01-06,2.15,175401270.24,1056278.0
SZ002641,2021-01-07,2.17,170134819.3,178417.0
SZ002641,2021-01-08,2.27,178962837.96,1303666.0
SZ002641,2021-01-11,2.3,175078637.04,375625.0
SZ002641,2021-01-12,2.38,184281818.75,970655.0
SZ002641,2021-01-13,2.4,189873150.12,229017.0
SZ002641,2021-01-14,2.43,201906737.8,421226.0
SZ002641,2021-01-15,2.28,192092112.0,-1886494.0
SZ002641,2021-01-18,2.18,180396606.56,-1202872.0
SZ002641,2021-01-19,2.15,176204632.68,-428954.0
SZ002641,2021-01-20,2.08,167350922.97,-910267.0
SZ002641,2021-01-21,2.1,166306860.8,278700.0
SZ002641,2021-01-22,2.17,178578703.12,908936.0
SZ002641,2021-01-25,2.08,161180395.42,-1146716.0
SZ002641,2021-01-26,2.07,155362705.3,-67881.0
SZ002641,2021-01-27,2.06,153996310.8,-141426.0
SZ002641,2021-01-28,2.06,152590925.22,-64082.0
SZ002641,2021-01-29,2.06,149535673.38,43755.0
SZ002641,2021-02-01,2.04,148870568.71,-242894.0
SZ002641,2021-02-02,2.07,153823708.27,319488.0
SZ002641,2021-02-03,2.17,171592486.12,1300747.0
SZ002641,2021-02-04,2.11,161009539.95,-714961.0
SZ002641,2021-02-05,2.01,154171829.64,-1233515.0
SZ002641,2021-02-08,2.08,167225961.5,780173.0
SZ002641,2021-02-09,2.02,166754315.49,-726424.0
SZ002641,2021-02-10,1.95,158542867.9,-795629.0
SZ002641,2021-02-18,1.94,161273355.0,-134368.0
SZ002641,2021-02-19,1.94,156269789.5,7900.0
SZ002641,2021-02-22,2.09,175420804.3,1756620.0
SZ002641,2021-02-23,1.98,165159251.6,-1330830.0
SZ002641,2021-02-24,1.71,136180987.04,-3358224.0
SZ002641,2021-02-25,1.76,143290718.9,630589.0
SZ002641,2021-02-26,1.62,128708461.24,-1759837.0
SZ002641,2021-03-01,1.68,139171969.65,786117.0
SZ002641,2021-03-02,1.68,143065950.06,21753.0
SZ002641,2021-03-03,1.6,135998714.4,-1057483.0
SZ002641,2021-03-04,1.53,128128945.5,-785189.0
SZ002641,2021-03-05,1.56,130896336.69,295745.0
SZ002641,2021-03-08,1.56,128915915.8,108041.0
SZ002641,2021-03-09,1.59,133352843.58,282709.0
SZ002641,2021-03-10,1.54,127054813.04,-533800.0
SZ002641,2021-03-11,1.54,127772241.08,-7180.0
SZ002641,2021-03-12,1.56,129372852.7,181800.0
SZ002641,2021-03-15,1.52,123955923.0,-499681.0
SZ002641,2021-03-16,1.58,133409262.0,780500.0
SZ002641,2021-03-17,1.56,132800559.55,-203257.0
SZ002641,2021-03-18,1.56,131469528.12,-24715.0
SZ002641,2021-03-19,1.6,134960267.12,514100.0
SZ002641,2021-03-22,1.67,148551914.14,784578.0
SZ002641,2021-03-23,1.65,144686625.12,-224942.0
SZ002641,2021-03-24,1.6,137057962.88,-629900.0
SZ002641,2021-03-25,1.58,135291501.6,-198600.0
SZ002641,2021-03-26,1.58,137251019.61,27875.0
SZ002641,2021-03-29,1.58,137205488.0,-34555.0
SZ002641,2021-03-30,1.57,135537665.11,-154921.0
SZ002641,2021-03-31,1.56,136717717.2,-53279.0
SZ002641,2021-04-07,1.54,138403507.75,-302445.0
SZ002641,2021-04-08,1.53,135768799.32,-74901.0
SZ002641,2021-04-09,1.54,137306433.6,55100.0
SZ002641,2021-04-12,1.53,134177686.28,-65000.0
SZ002641,2021-04-13,1.54,136280001.0,54802.0
SZ002641,2021-04-14,1.52,132662576.64,-216024.0
SZ002641,2021-04-15,1.53,130693546.4,152039.0
SZ002641,2021-04-16,1.64,141337241.8,1281785.0
SZ002641,2021-04-19,1.65,144096890.72,219484.0
SZ002641,2021-04-20,1.61,138323077.28,-508540.0
SZ002641,2021-04-21,1.66,139911102.69,556065.0
SZ002641,2021-04-22,1.67,141553438.32,89663.0
SZ002641,2021-04-23,1.63,136356527.84,-463528.0
SZ002641,2021-04-26,1.61,136676296.4,-218340.0
SZ002641,2021-04-27,1.61,137243039.96,-33580.0
SZ002641,2021-04-28,1.63,140326921.8,271760.0
SZ002641,2021-04-29,1.67,146684026.09,556463.0
SZ002641,2021-04-30,1.62,138003254.7,-659577.0
SZ002641,2021-05-06,1.63,135807624.96,121658.0
SZ002641,2021-05-07,1.64,133031875.5,100742.0
SZ002641,2021-05-10,1.64,133141169.6,-14300.0
SZ002641,2021-05-11,1.66,138211654.02,301952.0
SZ002641,2021-05-12,1.66,136248316.62,-47588.0
SZ002641,2021-05-13,1.66,134036034.48,7400.0
SZ002641,2021-05-14,1.66,134291673.3,-23779.0
SZ002641,2021-05-17,1.66,130982883.48,60898.0
SZ002641,2021-05-20,1.66,127260482.62,30893.0
SZ002641,2021-05-21,1.67,128205935.46,119611.0
SZ002641,2021-05-24,1.67,127637029.52,-25000.0
SZ002641,2021-05-25,1.67,128102031.43,-25300.0
SZ002641,2021-05-26,1.72,133333882.44,570375.0
SZ002641,2021-05-27,1.7,131082593.84,-191000.0
SZ002641,2021-05-28,1.75,135553864.72,579600.0
SZ002641,2021-05-31,1.8,140223180.96,674560.0
SZ002641,2021-06-01,1.88,145549193.75,959339.0
SZ002641,2021-06-02,1.97,156136646.7,1146659.0
SZ002641,2021-06-03,2.03,159178243.92,751901.0
SZ002641,2021-06-04,2.07,162860329.6,460865.0
SZ002641,2021-06-07,2.12,164300886.48,598852.0
SZ002641,2021-06-08,2.22,172998342.19,1257563.0
SZ002641,2021-06-09,2.31,179283367.96,1044596.0
SZ002641,2021-06-10,2.4,190537183.38,1130382.0
SZ002641,2021-06-11,2.6,208275883.2,2462651.0
SZ002641,2021-06-15,2.74,221309911.76,1801898.0
SZ002641,2021-06-16,2.85,226466503.28,1277058.0
SZ002641,2021-06-17,2.93,234221247.14,1036863.0
SZ002641,2021-06-18,3.06,246204114.0,1620397.0
SZ002641,2021-06-21,3.12,252220048.48,747260.0
SZ002641,2021-06-22,3.24,264237718.8,1411202.0
SZ002641,2021-06-23,3.32,268927795.32,1084440.0
SZ002641,2021-06-24,3.52,297044929.5,2434517.0
SZ002641,2021-06-25,3.63,311449954.1,1322540.0
SZ002641,2021-06-28,3.61,309694527.45,-188550.0
SZ002641,2021-06-29,3.57,298730752.05,-563300.0
SZ002641,2021-07-02,3.57,300304279.2,36729.0
SZ002641,2021-07-05,3.56,295761688.32,-150238.0
SZ002641,2021-07-06,3.55,294265735.3,-91897.0
SZ002641,2021-07-07,3.54,288871723.8,-151816.0
SZ002641,2021-07-08,3.5,279094357.35,-498000.0
SZ002641,2021-07-09,3.55,284600777.04,649430.0
SZ002641,2021-07-12,3.63,296183101.75,1024452.0
SZ002641,2021-07-13,3.73,313697171.6,1187612.0
SZ002641,2021-07-14,3.76,315891742.4,322731.0
SZ002641,2021-07-15,3.79,315898596.72,414560.0
SZ002641,2021-07-16,3.88,325427240.04,1128890.0
SZ002641,2021-07-19,4.03,328144555.62,1796200.0
SZ002641,2021-07-20,4.04,314499628.8,126258.0
SZ002641,2021-07-21,3.91,309705580.8,-1529079.0
SZ002641,2021-07-22,3.91,306623201.54,-28216.0
SZ002641,2021-07-23,3.88,298990365.59,-371248.0
SZ002641,2021-07-26,3.85,290222341.3,-414600.0
SZ002641,2021-07-27,3.85,286001530.09,10176.0
SZ002641,2021-07-28,3.88,282840020.53,432768.0
SZ002641,2021-07-29,3.87,280808486.82,-100840.0
SZ002641,2021-07-30,3.89,277210869.12,207350.0
SZ002641,2021-08-02,3.99,293819300.25,1254508.0
SZ002641,2021-08-03,4.04,296809272.54,586496.0
SZ002641,2021-08-04,3.96,285272834.82,-951940.0
SZ002641,2021-08-05,3.9,274165708.2,-832171.0
SZ002641,2021-08-06,3.91,277841370.8,220640.0
SZ002641,2021-08-09,4.0,288749964.08,1039067.0
SZ002641,2021-08-10,4.1,295925618.8,1228708.0
SZ002641,2021-08-11,4.16,303223060.55,808800.0
SZ002641,2021-08-12,4.16,300827445.75,-57500.0
SZ002641,2021-08-13,4.17,300946266.8,108400.0
SZ002641,2021-08-16,4.24,308708520.12,969554.0
SZ002641,2021-08-17,4.24,301928146.56,-83368.0
SZ002641,2021-08-18,4.25,301550423.73,208520.0
SZ002641,2021-08-19,4.26,294188207.58,95300.0
SZ002641,2021-08-20,4.26,287401738.26,-84220.0
SZ002641,2021-08-23,4.47,315928876.12,2594640.0
SZ002641,2021-08-24,4.51,315328483.15,578030.0
SZ002641,2021-08-25,4.42,288965609.91,-1185472.0
SZ002641,2021-08-26,4.45,285384506.12,468655.0
SZ002641,2021-08-27,4.37,274200343.56,-1010626.0
SZ002641,2021-08-30,4.34,267215470.5,-425183.0
SZ002641,2021-08-31,4.37,269058110.34,370008.0
SZ002641,2021-09-01,4.41,279862733.07,526406.0
SZ002641,2021-09-02,4.44,283565524.44,400420.0
SZ002641,2021-09-03,4.47,285068632.44,291300.0
SZ002641,2021-09-06,4.42,283197059.46,-574612.0
SZ002641,2021-09-07,4.43,298843376.15,162400.0
SZ002641,2021-09-08,4.23,291363385.85,-2524242.0
SZ002641,2021-09-09,4.25,299045944.45,247000.0
SZ002641,2021-09-10,4.18,287629781.0,-824430.0
SZ002641,2021-09-13,4.15,291228794.0,-459300.0
SZ002641,2021-09-14,3.98,271918206.98,-2101209.0
SZ002641,2021-09-15,3.91,270085760.28,-769000.0
SZ002641,2021-09-16,3.89,263400726.48,-336640.0
SZ002641,2021-09-23,3.94,261998680.62,723500.0
SZ002641,2021-09-24,3.75,238046784.66,-2386444.0
SZ002641,2021-09-27,3.72,227782491.75,-386217.0
SZ002641,2021-09-28,3.7,226575815.4,-243773.0
SZ002641,2021-09-29,3.62,216554527.64,-1030221.0
SZ002641,2021-09-30,3.61,216596494.35,-83600.0
SZ002641,2021-10-08,3.51,213456932.47,-1185154.0
SZ002641,2021-10-11,3.34,200258871.65,-2183428.0
SZ002641,2021-10-12,3.29,191043027.49,-556368.0
SZ002641,2021-10-15,3.24,184924078.63,-620438.0
SZ002641,2021-10-18,3.24,186004529.12,-26500.0
SZ002641,2021-10-19,3.24,186823514.78,3700.0
SZ002641,2021-10-20,3.22,181888481.51,-290340.0
SZ002641,2021-10-21,3.21,178624903.5,-106120.0
SZ002641,2021-10-22,3.21,180041330.19,49800.0
SZ002641,2021-10-25,3.19,176486971.68,-261679.0
SZ002641,2021-10-26,3.19,177812883.0,31430.0
SZ002641,2021-10-27,3.17,170590443.9,-297780.0
SZ002641,2021-10-28,3.18,168409641.16,131853.0
SZ002641,2021-10-29,3.21,175101903.27,357600.0
SZ002641,2021-11-01,3.21,176773406.45,18714.0
SZ002641,2021-11-02,3.18,172802007.16,-361717.0
SZ002641,2021-11-03,3.2,177605765.12,281500.0
SZ002641,2021-11-04,3.2,178015518.0,-85140.0
SZ002641,2021-11-05,3.22,176554389.52,295260.0
SZ002641,2021-11-08,3.21,174147766.32,-94500.0
SZ002641,2021-11-09,3.2,176034296.16,-112400.0
SZ002641,2021-11-10,3.22,178251995.88,230040.0
SZ002641,2021-11-11,3.21,185740022.08,-104380.0
SZ002641,2021-11-12,3.2,184573121.56,-165058.0
SZ002641,2021-11-15,3.2,189287216.08,-8130.0
SZ002641,2021-11-16,3.18,185183741.2,-199040.0
SZ002641,2021-11-17,3.2,187409988.26,220766.0
SZ002641,2021-11-18,3.18,181186925.2,-233100.0
SZ002641,2021-11-19,3.21,184955348.74,301527.0
SZ002641,2021-11-22,3.19,184808875.68,-200913.0
SZ002641,2021-11-23,3.2,188725408.2,159119.0
SZ002641,2021-11-24,3.21,189177608.2,95000.0
SZ002641,2021-11-25,3.22,192174339.9,127000.0
SZ002641,2021-11-26,3.22,189458924.2,-67900.0
SZ002641,2021-11-29,3.23,187247104.2,207770.0
SZ002641,2021-11-30,3.24,191452912.83,126814.0
SZ002641,2021-12-01,3.26,202015048.65,185486.0
SZ002641,2021-12-02,3.26,198884408.45,19300.0
SZ002641,2021-12-03,3.25,198098024.15,-159510.0
SZ002641,2021-12-06,3.23,193008466.35,-221810.0
SZ002641,2021-12-07,3.25,196035684.58,293389.0
SZ002641,2021-12-08,3.23,194066692.35,-239983.0
SZ002641,2021-12-09,3.27,198449684.41,403700.0
SZ002641,2021-12-10,3.24,194574206.05,-299058.0
SZ002641,2021-12-13,3.25,196211297.04,88840.0
SZ002641,2021-12-14,3.28,197382499.38,406450.0
SZ002641,2021-12-15,3.33,203320930.02,544400.0
SZ002641,2021-12-16,3.33,211493056.26,-11574.0
SZ002641,2021-12-17,3.3,209806915.24,-328043.0
SZ002641,2021-12-20,3.24,198834198.4,-730926.0
SZ002641,2021-12-21,3.29,204262143.4,602130.0
SZ002641,2021-12-22,3.3,210331510.5,151400.0
SZ002641,2021-12-23,3.29,206764727.44,-139352.0
SZ002641,2021-12-28,3.32,212051799.74,314104.0
SZ002641,2021-12-29,3.31,233000100.19,-66771.0
SZ002641,2021-12-30,3.34,231075976.56,388333.0
SZ002641,2021-12-31,3.27,221955530.32,-834550.0
SZ002641,2022-01-04,3.23,224059774.4,-492160.0
SZ002641,2022-01-05,3.17,220734683.08,-734040.0
SZ002641,2022-01-06,3.02,224846847.21,-1864513.0
SZ002641,2022-01-07,3.05,240798368.58,330570.0
SZ002641,2022-01-10,3.1,242774091.21,610246.0
SZ002641,2022-01-11,3.08,250819531.93,-292310.0
SZ002641,2022-01-12,3.01,239527408.63,-809086.0
SZ002641,2022-01-13,3.01,230936440.6,-3728.0
SZ002641,2022-01-14,3.12,227601250.42,1394165.0
SZ002641,2022-01-17,3.11,224260563.67,-175329.0
SZ002641,2022-01-18,2.98,216279028.83,-1621840.0
SZ002641,2022-01-19,2.95,230177959.2,-308625.0
SZ002641,2022-01-20,3.06,229599492.09,1289103.0
SZ002641,2022-01-21,3.11,224039113.26,669406.0
SZ002641,2022-01-24,3.19,218589038.15,1033162.0
SZ002641,2022-01-25,3.19,208866761.9,-119032.0
SZ002641,2022-01-26,3.09,205096930.89,-1215726.0
SZ002641,2022-01-27,2.98,193086747.84,-1344481.0
SZ002641,2022-01-28,2.94,190089985.32,-432910.0
SZ002641,2022-02-07,2.96,205614836.46,235780.0
SZ002641,2022-02-08,2.97,210870795.78,149700.0
SZ002641,2022-02-09,2.95,205552541.04,-355700.0
SZ002641,2022-02-10,2.91,203701065.9,-392200.0
SZ002641,2022-02-11,2.84,196358464.62,-863597.0
SZ002641,2022-02-14,2.73,187148895.06,-1408300.0
SZ002641,2022-02-15,2.76,186781841.83,365200.0
SZ002641,2022-02-16,2.83,197891187.85,878400.0
SZ002641,2022-02-17,2.78,191369971.62,-667723.0
SZ002641,2022-02-18,2.85,204171994.14,905600.0
SZ002641,2022-02-21,2.84,202749941.26,-124228.0
SZ002641,2022-02-22,2.83,197975423.7,-98740.0
SZ002641,2022-02-23,2.79,193766910.76,-561800.0
SZ002641,2022-02-24,2.75,181772306.2,-501966.0
SZ002641,2022-02-25,2.75,181561807.57,87997.0
SZ002641,2022-02-28,2.8,185176644.95,548328.0
SZ002641,2022-03-01,2.86,199549590.51,831520.0
SZ002641,2022-03-02,2.85,201141183.9,-156050.0
SZ002641,2022-03-03,2.83,198802215.2,-287537.0
SZ002641,2022-03-04,2.86,199480414.7,431300.0
SZ002641,2022-03-07,2.83,196412104.0,-358100.0
SZ002641,2022-03-08,2.84,191190518.05,7239.0
SZ002641,2022-03-09,2.86,179540518.17,331502.0
SZ002641,2022-03-10,2.93,190743513.05,781884.0
SZ002641,2022-03-11,2.91,189109278.75,-173400.0
SZ002641,2022-03-14,2.78,174238068.81,-1654332.0
SZ002641,2022-03-15,2.8,161091730.95,276900.0
SZ002641,2022-03-16,2.85,167432152.86,679856.0
SZ002641,2022-03-17,2.93,176891894.32,925100.0
SZ002641,2022-03-18,2.98,185981740.56,652800.0
SZ002641,2022-03-21,2.94,186552775.68,-465050.0
SZ002641,2022-03-22,2.95,185561411.96,91748.0
SZ002641,2022-03-23,2.99,185766134.11,403800.0
SZ002641,2022-03-24,2.94,181047642.09,-503540.0
SZ002641,2022-03-25,2.94,181250073.06,-32500.0
SZ002641,2022-03-28,2.95,181172218.72,131060.0
SZ002641,2022-03-29,2.95,178298398.16,9900.0
SZ002641,2022-03-30,3.01,186642380.14,643200.0
SZ002641,2022-03-31,3.04,192082636.27,409800.0
SZ002641,2022-04-01,2.99,189887312.98,-646500.0
SZ002641,2022-04-06,3.09,199907723.02,1280217.0
SZ002641,2022-04-07,3.07,196160516.64,-207670.0
SZ002641,2022-04-08,3.07,199905081.31,-82951.0
SZ002641,2022-04-11,3.01,196195343.7,-633158.0
SZ002641,2022-04-12,2.9,181605473.4,-1479875.0
SZ002641,2022-04-13,2.81,166402650.6,-1007350.0
SZ002641,2022-04-19,2.78,159206934.61,-426323.0
SZ002641,2022-04-20,2.7,150485481.0,-944729.0
SZ002641,2022-04-21,2.64,139696564.21,-725395.0
SZ002641,2022-04-22,2.64,139906416.2,-27408.0
SZ002641,2022-04-25,2.58,128289472.08,-775611.0
SZ002641,2022-04-26,2.55,125082278.64,-326370.0
SZ002641,2022-04-27,2.55,132450481.8,-50605.0
SZ002641,2022-04-28,2.5,124943940.72,-609111.0
SZ002641,2022-04-29,2.57,132242729.7,939000.0
SZ002641,2022-05-05,2.62,148230317.26,569800.0
SZ002641,2022-05-10,2.51,144749889.28,-1373310.0
SZ002641,2022-05-11,2.46,139228811.11,-596385.0
SZ002641,2022-05-12,2.49,138605053.5,335300.0
SZ002641,2022-05-13,2.49,137873845.76,-25711.0
SZ002641,2022-05-16,2.48,136862084.36,-88846.0
SZ002641,2022-05-17,2.55,136719543.66,815633.0
SZ002641,2022-05-18,2.55,138673409.6,14485.0
SZ002641,2022-05-19,2.58,146079942.72,378500.0
SZ002641,2022-05-20,2.55,143199953.6,-353344.0
SZ002641,2022-05-23,2.58,149306367.6,361230.0
SZ002641,2022-05-24,2.55,142308873.74,-348996.0
SZ002641,2022-05-25,2.62,146788643.22,849600.0
SZ002641,2022-05-26,2.61,147479996.38,-132340.0
SZ002641,2022-05-27,2.65,149298399.12,469543.0
SZ002641,2022-05-30,2.61,146010812.04,-437600.0
SZ002641,2022-05-31,2.57,144945741.85,-447070.0
SZ002641,2022-06-01,2.75,158154670.05,2155550.0
SZ002641,2022-06-02,2.76,160969298.8,91908.0
SZ002641,2022-06-06,2.83,174074140.66,921313.0
SZ002641,2022-06-07,2.89,179226384.34,677489.0
SZ002641,2022-06-08,2.89,174886473.45,61638.0
SZ002641,2022-06-09,2.87,177124402.02,-196956.0
SZ002641,2022-06-10,2.88,174359923.14,89277.0
SZ002641,2022-06-13,2.92,173694246.7,454644.0
SZ002641,2022-06-14,2.84,169290956.1,-988465.0
SZ002641,2022-06-15,2.8,167458584.04,-523724.0
SZ002641,2022-06-16,2.81,166735976.99,210300.0
SZ002641,2022-06-17,2.81,167758225.02,-4570.0
SZ002641,2022-06-20,2.86,176139503.68,635933.0
SZ002641,2022-06-21,2.87,174261517.04,50600.0
SZ002641,2022-06-22,2.84,170223874.1,-393438.0
SZ002641,2022-06-23,2.88,173201929.02,540551.0
SZ002641,2022-06-24,2.92,172141149.32,525850.0
SZ002641,2022-06-27,3.01,183748016.79,1107296.0
SZ002641,2022-06-28,3.01,183876379.2,26037.0
SZ002641,2022-06-29,3.04,182271739.7,284362.0
SZ002641,2022-07-04,3.04,181514307.66,-1200.0
SZ002641,2022-07-05,2.99,173161591.2,-580262.0
SZ002641,2022-07-06,3.0,167518731.93,143503.0
SZ002641,2022-07-07,3.04,172495133.94,518850.0
SZ002641,2022-07-08,3.11,175369816.08,795600.0
SZ002641,2022-07-11,3.12,175161340.22,123500.0
SZ002641,2022-07-12,3.18,178866947.35,729624.0
SZ002641,2022-07-13,3.15,195278863.17,-333600.0
SZ002641,2022-07-14,3.17,189303538.26,296776.0
SZ002641,2022-07-15,3.04,168558759.04,-1649870.0
SZ002641,2022-07-18,3.15,180742824.8,1328472.0
SZ002641,2022-07-19,3.26,205560671.4,1352819.0
SZ002641,2022-07-20,3.21,222705684.63,-608031.0
SZ002641,2022-07-21,3.13,205416101.5,-940228.0
SZ002641,2022-07-22,2.99,198024455.95,-1743838.0
SZ002641,2022-07-25,3.03,193545396.99,422330.0
SZ002641,2022-07-26,3.0,194728091.25,-345182.0
SZ002641,2022-07-27,3.03,206275657.5,413600.0
SZ002641,2022-07-28,3.0,203101570.42,-374579.0
SZ002641,2022-07-29,2.97,200002824.7,-432320.0
SZ002641,2022-08-01,2.99,199439096.4,235400.0
SZ002641,2022-08-02,3.13,200109699.46,1772772.0
SZ002641,2022-08-03,3.14,201032842.22,103491.0
SZ002641,2022-08-04,3.09,200889444.0,-544773.0
SZ002641,2022-08-05,3.03,198074295.24,-821500.0
SZ002641,2022-08-08,3.12,209714926.72,1107382.0
SZ002641,2022-08-09,3.07,203028022.86,-530309.0
SZ002641,2022-08-10,3.08,205724318.4,76867.0
SZ002641,2022-08-11,3.07,205083208.8,-118724.0
SZ002641,2022-08-12,3.2,208419208.99,1569865.0
SZ002641,2022-08-15,3.34,220324015.86,1710942.0
SZ002641,2022-08-16,3.45,232703549.55,1438720.0
SZ002641,2022-08-17,3.45,228428019.1,-1073.0
SZ002641,2022-08-18,3.53,229114132.04,1027245.0
SZ002641,2022-08-19,3.58,228806968.39,532596.0
SZ002641,2022-08-22,3.62,233279198.38,518611.0
SZ002641,2022-08-23,3.68,232501576.3,724052.0
SZ002641,2022-08-24,3.71,226478074.16,346434.0
SZ002641,2022-08-25,3.75,230617264.08,556100.0
SZ002641,2022-08-26,3.77,227514842.72,220030.0
SZ002641,2022-08-29,3.9,236095288.8,1560818.0
SZ002641,2022-08-30,3.87,234461785.6,-333368.0
SZ002641,2022-08-31,3.82,225974514.34,-574341.0
SZ002641,2022-09-01,3.75,218403326.43,-904870.0
SZ002641,2022-09-02,3.75,218091905.1,32400.0
SZ002641,2022-09-05,3.71,217308124.33,-460012.0
SZ002641,2022-09-06,3.75,221447381.12,385383.0
SZ002641,2022-09-07,3.47,214070236.53,-3428057.0
SZ002641,2022-09-08,3.31,197944199.88,-1917611.0
SZ002641,2022-09-09,3.27,199295109.12,-475100.0
SZ002641,2022-09-13,3.24,194608061.46,-464325.0
SZ002641,2022-09-14,3.24,191508525.1,21734.0
SZ002641,2022-09-15,3.19,185110777.81,-595296.0
SZ002641,2022-09-16,3.19,176200467.03,-50800.0
SZ002641,2022-09-19,3.23,174235654.16,543857.0
SZ002641,2022-09-20,3.22,177912976.92,-71504.0
SZ002641,2022-09-21,3.24,181396910.04,152666.0
SZ002641,2022-09-22,3.17,174497850.0,-830468.0
SZ002641,2022-09-23,3.15,191201552.5,-192275.0
SZ002641,2022-09-26,3.15,209901826.75,-77900.0
SZ002641,2022-09-27,3.14,230342103.25,-99300.0
SZ002641,2022-09-28,3.1,250451032.2,-430790.0
SZ002641,2022-09-29,3.28,290688771.39,2129632.0
SZ002641,2022-09-30,3.03,241620463.65,-3081830.0
SZ002641,2022-10-10,3.02,216831157.97,-140200.0
SZ002641,2022-10-11,2.64,174371121.12,-4666569.0
SZ002641,2022-10-12,2.6,165310767.92,-492140.0
SZ002641,2022-10-13,2.52,163492476.0,-1020204.0
SZ002641,2022-10-14,2.7,177911056.96,2300504.0
SZ002641,2022-10-17,2.77,179746428.75,795487.0
SZ002641,2022-10-18,2.59,174146852.16,-2225126.0
SZ002641,2022-10-19,2.39,150095788.2,-2465874.0
SZ002641,2022-10-20,2.28,134833685.52,-1338531.0
SZ002641,2022-10-21,2.39,137729089.35,1411275.0
SZ002641,2022-10-24,2.22,130243643.88,-2141597.0
SZ002641,2022-10-25,2.12,122661199.44,-1267904.0
SZ002641,2022-10-26,2.08,120450760.56,-472316.0
SZ002641,2022-10-27,2.09,116014716.16,158800.0
SZ002641,2022-10-28,1.86,100003547.28,-2853850.0
SZ002641,2022-10-31,1.87,101257278.0,75808.0
SZ002641,2022-11-01,1.93,106581428.4,725620.0
SZ002641,2022-11-02,1.91,106115551.36,-157213.0
SZ002641,2022-11-03,1.99,111859833.6,1006613.0
SZ002641,2022-11-04,2.02,114956641.8,351900.0
SZ002641,2022-11-07,2.06,118108777.92,409458.0
SZ002641,2022-11-08,1.99,113236117.02,-784300.0
SZ002641,2022-11-09,2.14,121409392.32,1780670.0
SZ002641,2022-11-10,2.09,119314019.26,-569282.0
SZ002641,2022-11-11,2.2,126096946.24,1294500.0
SZ002641,2022-11-14,2.09,119895122.24,-1336600.0
SZ002641,2022-11-15,2.4,141208313.5,3888600.0
SZ002641,2022-11-16,2.45,142036926.71,556993.0
SZ002641,2022-11-17,2.49,144019338.84,488304.0
SZ002641,2022-11-18,2.53,145174714.56,514291.0
SZ002641,2022-11-21,2.6,150515650.44,942678.0
SZ002641,2022-11-22,2.47,140613407.2,-1662200.0
SZ002641,2022-11-23,2.51,143378062.52,533400.0
SZ002641,2022-11-24,2.7,157597546.71,2358669.0
SZ002641,2022-11-25,2.74,158596949.16,428036.0
SZ002641,2022-11-28,2.64,153254834.53,-1211300.0
SZ002641,2022-11-29,2.81,166508720.23,2084800.0
SZ002641,2022-11-30,2.69,159399066.93,-1484270.0
SZ002641,2022-12-01,2.67,157653802.26,-295500.0
SZ002641,2022-12-02,2.86,171452000.28,2442000.0
SZ002641,2022-12-05,2.94,177698164.77,915126.0
SZ002641,2022-12-06,2.83,168586911.74,-1289839.0
SZ002641,2022-12-07,2.89,169934161.04,651200.0
SZ002641,2022-12-08,2.97,176265864.01,1098265.0
SZ002641,2022-12-09,3.08,183469484.64,1344625.0
SZ002641,2022-12-12,3.02,175631451.8,-774950.0
SZ002641,2022-12-13,2.5,150090195.2,-6421962.0
SZ002641,2022-12-14,2.45,145697458.92,-655900.0
SZ002641,2022-12-15,2.31,135904686.75,-1679019.0
SZ002641,2022-12-16,2.41,140140802.4,1205679.0
SZ002641,2022-12-19,2.45,137497377.66,535430.0
SZ002641,2022-12-20,2.5,140523437.6,531650.0
SZ002641,2022-12-21,2.47,138579368.16,-292800.0
SZ002641,2022-12-22,2.44,131707124.1,-452542.0
SZ002641,2022-12-28,2.45,132604653.3,136105.0
SZ002641,2022-12-29,2.38,127815386.45,-756470.0
SZ002641,2022-12-30,2.4,130735272.8,193997.0
SZ002641,2023-01-03,2.48,137538517.76,988000.0
SZ002641,2023-01-04,2.51,140521333.86,319600.0
SZ002641,2023-01-05,2.57,143945972.08,826292.0
SZ002641,2023-01-06,2.65,148689376.86,976808.0
SZ002641,2023-01-09,2.64,149231563.2,-97042.0
SZ002641,2023-01-10,2.34,132254254.56,-3723094.0
SZ002641,2023-01-11,2.32,131701448.34,-310000.0
SZ002641,2023-01-12,2.3,128339464.44,-236482.0
SZ002641,2023-01-13,2.45,138659243.52,1818300.0
SZ002641,2023-01-16,2.52,144326919.66,964649.0
SZ002641,2023-01-17,2.55,144262775.79,327754.0
SZ002641,2023-01-18,2.59,146579909.26,437000.0
SZ002641,2023-01-19,2.7,153326884.5,1400203.0
SZ002641,2023-01-20,2.8,160825978.8,1181682.0
SZ002641,2023-01-30,2.9,168439027.7,1251859.0
SZ002641,2023-01-31,3.01,175593822.32,1363990.0
SZ002641,2023-02-01,3.1,182356461.56,1108100.0
SZ002641,2023-02-02,3.16,185542984.75,751500.0
SZ002641,2023-02-03,2.64,161097659.3,-6384671.0
SZ002641,2023-02-06,2.7,162650718.36,790216.0
SZ002641,2023-02-07,2.89,176995071.0,2289354.0
SZ002641,2023-02-08,3.06,181810224.0,2120550.0
SZ002641,2023-02-09,3.2,191452153.2,1679100.0
SZ002641,2023-02-10,3.27,195852681.2,909200.0
SZ002641,2023-02-13,3.36,203593187.0,1084200.0
SZ002641,2023-02-14,3.26,217074138.05,-1276135.0
SZ002641,2023-02-15,2.71,175995146.25,-6750610.0
SZ002641,2023-02-16,2.24,148774657.76,-5766419.0
SZ002641,2023-02-17,1.89,125832798.87,-4323915.0
SZ002641,2023-02-20,1.95,132657345.99,730900.0
SZ002641,2023-02-21,1.92,126426118.26,-443729.0
SZ002641,2023-02-22,1.93,127730340.5,155108.0
SZ002641,2023-02-23,1.95,126169968.24,295662.0
SZ002641,2023-02-24,2.03,130685651.2,961364.0
SZ002641,2023-02-27,2.07,131460747.94,444165.0
SZ002641,2023-02-28,2.0,129936573.44,-778965.0
SZ002641,2023-03-01,1.99,128895873.12,-104360.0
SZ002641,2023-03-02,1.95,128655719.92,-509290.0
SZ002641,2023-03-03,1.9,123593001.0,-641882.0
SZ002641,2023-03-06,2.03,128161988.64,1539100.0
SZ002641,2023-03-07,2.19,136493552.16,2001430.0
SZ002641,2023-03-08,2.25,141151538.66,813507.0
SZ002641,2023-03-09,2.2,136781752.22,-648200.0
SZ002641,2023-03-10,2.33,140850449.97,1556412.0
SZ002641,2023-03-13,2.34,142156217.7,207700.0
SZ002641,2023-03-14,2.29,134121179.17,-656044.0
SZ002641,2023-03-15,2.41,144082284.28,1413638.0
SZ002641,2023-03-16,2.43,142129820.0,343183.0
SZ002641,2023-03-17,2.45,143866166.88,239262.0
SZ002641,2023-03-20,2.45,142965983.52,2200.0
SZ002641,2023-03-21,2.48,150345861.75,391863.0
SZ002641,2023-03-22,2.53,153147181.38,572867.0
SZ002641,2023-03-23,2.55,154291064.22,105400.0
SZ002641,2023-03-24,2.51,151990238.22,-468600.0
SZ002641,2023-03-27,2.49,152644315.74,-242100.0
SZ002641,2023-03-28,2.49,147527712.02,-42100.0
SZ002641,2023-03-29,2.46,145449224.44,-432118.0
SZ002641,2023-03-30,2.59,151245923.25,1602323.0
SZ002641,2023-03-31,2.62,155155915.07,415700.0
SZ002641,2023-04-03,2.64,159285632.8,250325.0
SZ002641,2023-04-04,2.62,157170999.36,-300100.0
SZ002641,2023-04-11,2.67,162065842.28,666224.0
SZ002641,2023-04-12,2.65,162060044.16,-200000.0
SZ002641,2023-04-13,2.66,161111181.0,72779.0
SZ002641,2023-04-14,2.62,162826922.75,-503220.0
SZ002641,2023-04-17,2.68,167371039.4,704100.0
SZ002641,2023-04-18,2.72,168922343.45,502914.0
SZ002641,2023-04-19,2.75,170929427.76,464600.0
SZ002641,2023-04-20,2.73,167805062.31,-286300.0
SZ002641,2023-04-21,2.6,160293291.69,-1633600.0
SZ002641,2023-04-24,2.38,148627261.8,-2737334.0
SZ002641,2023-04-25,2.28,142408442.64,-1224177.0
SZ002641,2023-04-26,2.53,159505546.24,3120269.0
SZ002641,2023-04-27,2.43,153886650.45,-1272524.0
SZ002641,2023-04-28,2.48,158399853.57,639300.0
SZ002641,2023-05-04,2.62,168869600.52,1706820.0
SZ002641,2023-05-05,2.72,175408402.64,1247863.0
SZ002641,2023-05-08,2.81,181090868.15,1150519.0
SZ002641,2023-05-09,2.88,182647412.55,840112.0
SZ002641,2023-05-10,2.87,181845726.44,-86971.0
SZ002641,2023-05-11,2.95,190422207.84,961570.0
SZ002641,2023-05-12,3.14,203139706.16,2279600.0
SZ002641,2023-05-15,3.19,207940028.86,688418.0
SZ002641,2023-05-16,3.32,211055297.75,1514941.0
SZ002641,2023-05-17,3.47,221384131.38,1832827.0
SZ002641,2023-05-18,3.65,233453476.38,2325500.0
SZ002641,2023-05-19,3.76,245060963.96,1343922.0
SZ002641,2023-05-22,3.83,249223664.96,786900.0
SZ002641,2023-05-23,3.82,246325923.36,-103460.0
SZ002641,2023-05-24,3.88,252339199.88,692408.0
SZ002641,2023-05-25,3.9,257410810.8,323233.0
SZ002641,2023-05-29,3.95,252582274.95,642700.0
SZ002641,2023-05-30,3.99,258316727.44,442539.0
SZ002641,2023-05-31,3.98,260770902.84,-92557.0
SZ002641,2023-06-01,3.84,241210048.8,-1720999.0
SZ002641,2023-06-02,3.86,266433418.68,196500.0
SZ002641,2023-06-05,3.87,261658314.5,81651.0
SZ002641,2023-06-06,3.79,254965936.68,-877181.0
SZ002641,2023-06-07,3.85,260319642.93,719999.0
SZ002641,2023-06-08,3.84,258761857.16,-197740.0
SZ002641,2023-06-09,3.99,275244153.69,1843812.0
SZ002641,2023-06-12,4.04,282231753.52,625560.0
SZ002641,2023-06-13,4.08,282292206.6,541241.0
SZ002641,2023-06-14,4.1,281780151.3,268305.0
SZ002641,2023-06-15,4.14,281262762.48,455164.0
SZ002641,2023-06-16,4.18,284728081.47,534500.0
SZ002641,2023-06-19,4.09,281661379.09,-1101248.0
SZ002641,2023-06-20,3.98,265709272.42,-1362800.0
SZ002641,2023-06-21,4.0,262570475.34,146650.0
SZ002641,2023-06-26,3.97,259045921.7,-293912.0
SZ002641,2023-06-27,4.08,276837888.61,1366222.0
SZ002641,2023-06-28,4.05,275611909.65,-403406.0
SZ002641,2023-06-29,4.12,284468216.67,867942.0
SZ002641,2023-07-05,4.33,301494932.96,254200.0
SZ002641,2023-07-06,4.35,303340191.84,231496.0
SZ002641,2023-07-12,4.48,315140780.24,691200.0
SZ002641,2023-07-13,4.41,305771729.46,-783400.0
SZ002641,2023-07-19,4.32,313869232.5,280900.0
SZ002641,2023-07-20,4.29,309566020.76,-371209.0
SZ002641,2023-07-26,4.27,308560882.06,-789785.0
SZ002641,2023-07-27,4.24,305658408.68,-405600.0
SZ002641,2023-08-02,4.26,317661963.96,42011.0
SZ002641,2023-08-03,4.24,317728606.65,-247281.0
SZ002641,2023-08-09,4.2,310767303.7,-100800.0
SZ002641,2023-08-10,4.2,309323692.6,18000.0
SZ002641,2023-08-16,4.36,310831686.0,343900.0
SZ002641,2023-08-17,4.44,320768850.2,1053790.0
SZ002641,2023-08-23,4.51,308861369.36,153600.0
SZ002641,2023-08-24,4.38,295903895.94,-1651900.0
SZ002641,2023-08-30,4.48,319180825.38,942800.0
SZ002641,2023-08-31,4.48,317431998.72,-16500.0
SZ002641,2023-09-06,4.73,346388722.4,907000.0
SZ002641,2023-09-07,4.72,342192378.42,-119414.0
SZ002641,2023-09-13,4.79,326191299.84,-562000.0
SZ002641,2023-09-14,4.82,323704814.16,407300.0
SZ002641,2023-09-15,4.83,322746162.57,151003.0
SZ002641,2023-09-20,5.03,334650151.59,1815000.0
SZ002641,2023-09-21,5.0,332190714.6,-340900.0
SZ002641,2023-09-27,4.96,329562442.8,80800.0
SZ002641,2023-09-28,4.99,337679551.0,366200.0
SZ002641,2023-10-11,5.12,330478638.0,-306070.0
SZ002641,2023-10-12,5.14,332331597.12,232600.0
SZ002641,2023-10-13,5.14,325722626.8,66200.0
SZ002641,2023-10-16,5.14,325518686.8,-39600.0
SZ002641,2023-10-17,5.12,326872293.06,-226338.0
SZ002641,2023-10-18,5.12,321016664.4,-36730.0
SZ002641,2023-10-19,5.13,320912459.52,227300.0
SZ002641,2023-10-20,5.15,319564445.76,233900.0
SZ002641,2023-10-24,5.13,321106554.03,-319877.0
SZ002641,2023-10-25,5.31,358176455.16,2274900.0
SZ002641,2023-10-26,5.29,346637866.51,-325420.0
SZ002641,2023-10-27,5.14,334331819.38,-1834525.0
SZ002641,2023-10-30,5.14,334505500.66,32832.0
SZ002641,2023-10-31,5.15,336259222.74,92100.0
SZ002641,2023-11-01,5.14,334646214.66,-65500.0
SZ002641,2023-11-02,5.13,329358791.88,-164600.0
SZ002641,2023-11-03,5.19,339410701.28,703450.0
SZ002641,2023-11-06,5.08,330744569.87,-1276401.0
SZ002641,2023-11-07,5.15,335178647.87,838200.0
SZ002641,2023-11-08,5.18,335670979.41,333880.0
SZ002641,2023-11-09,5.19,337938335.07,187800.0
SZ002641,2023-11-10,5.2,336422672.58,76200.0
SZ002641,2023-11-13,5.28,341973355.96,1055263.0
SZ002641,2023-11-14,5.24,342127250.64,-583202.0
SZ002641,2023-11-15,5.29,347052524.52,682300.0
SZ002641,2023-11-16,5.29,346144438.08,-48300.0
SZ002641,2023-11-17,5.28,345400170.08,-139900.0
SZ002641,2023-11-20,5.27,346949875.4,-74400.0
SZ002641,2023-11-21,5.28,346634586.96,62400.0
SZ002641,2023-11-22,5.24,339302843.44,-406600.0
SZ002641,2023-11-23,5.3,348901571.45,709003.0
SZ002641,2023-11-24,5.26,341603048.16,-517700.0
SZ002641,2023-11-27,5.29,344518962.82,428911.0
SZ002641,2023-11-28,5.35,347990789.82,656300.0
SZ002641,2023-11-29,5.32,342170417.42,-358204.0
SZ002641,2023-11-30,5.33,341673123.34,155700.0
SZ002641,2023-12-01,5.32,339374380.26,-190200.0
SZ002641,2023-12-04,5.34,337064362.02,314500.0
SZ002641,2023-12-05,5.28,329530541.34,-708392.0
SZ002641,2023-12-06,5.28,331148757.9,-65033.0
SZ002641,2023-12-07,5.29,331758876.0,119631.0
SZ002641,2023-12-08,5.39,332397457.98,1296038.0
SZ002641,2023-12-11,5.42,335986549.92,317200.0
SZ002641,2023-12-12,5.38,336523228.4,-419268.0
SZ002641,2023-12-13,5.42,334623210.2,413280.0
SZ002641,2023-12-14,5.52,342416425.68,1281757.0
SZ002641,2023-12-15,5.59,345687001.5,785283.0
SZ002641,2023-12-18,5.61,339939177.4,228130.0
SZ002641,2023-12-19,5.58,337010517.8,-315600.0
SZ002641,2023-12-20,5.57,332826310.8,-154800.0
SZ002641,2023-12-21,5.57,335579489.0,2830.0
SZ002641,2023-12-22,5.55,330485896.4,-203400.0
SZ002641,2023-12-27,5.56,328970859.1,110900.0
SZ002641,2023-12-28,5.57,337394953.2,183100.0
SZ002641,2023-12-29,5.39,333839591.0,-2206510.0
SZ002641,2024-01-02,5.4,335073816.0,113200.0
SZ002641,2024-01-03,5.48,338276214.0,902800.0
SZ002641,2024-01-04,5.48,337882917.0,56000.0
SZ002641,2024-01-05,5.47,333636880.0,-176200.0
SZ002641,2024-01-08,5.4,324254147.36,-819978.0
SZ002641,2024-01-09,5.17,341296573.83,-2889363.0
SZ002641,2024-01-10,4.92,357602043.6,-3048199.0
SZ002641,2024-01-11,4.84,387057840.0,-960600.0
SZ002641,2024-01-12,4.81,423237529.0,-353300.0
SZ002641,2024-01-15,3.82,327733070.76,-12240898.0
SZ002641,2024-01-16,3.0,232597104.88,-9974290.0
SZ002641,2024-01-17,2.82,196765553.12,-2214640.0
SZ002641,2024-01-18,2.87,203803739.44,557040.0
SZ002641,2024-01-19,3.07,205727597.35,2426911.0
SZ002641,2024-01-22,3.31,209265114.6,3044237.0
SZ002641,2024-01-23,3.22,204811033.79,-1177133.0
SZ002641,2024-01-24,3.17,205846412.64,-629224.0
SZ002641,2024-01-25,3.46,229854350.88,3658529.0
SZ002641,2024-01-26,3.71,241734409.8,2965674.0
SZ002641,2024-01-29,3.76,236676763.12,706126.0
SZ002641,2024-01-30,3.63,220433386.42,-1694249.0
SZ002641,2024-01-31,3.54,203463694.81,-1053900.0
SZ002641,2024-02-01,3.37,190183836.33,-2133856.0
SZ002641,2024-02-02,3.4,183877590.84,451169.0
SZ002641,2024-02-05,3.28,160123958.28,-1450213.0
SZ002641,2024-02-06,3.27,163470138.86,-171762.0
SZ002641,2024-02-07,3.03,153518657.2,-3001771.0
SZ002641,2024-02-08,3.2,173246352.4,2112361.0
SZ002641,2024-02-19,3.13,173950238.32,-889605.0
SZ002641,2024-02-20,3.14,177270374.76,220756.0
SZ002641,2024-02-21,3.16,179193249.33,165231.0
SZ002641,2024-02-22,3.14,181425108.9,-269466.0
SZ002641,2024-02-23,2.86,171401154.83,-3405778.0
SZ002641,2024-02-26,2.86,172488373.44,78387.0
SZ002641,2024-02-27,2.77,170753610.0,-1122974.0
SZ002641,2024-02-28,2.78,161025753.18,37336.0
SZ002641,2024-02-29,2.8,169313773.87,295399.0
SZ002641,2024-03-01,2.52,153445015.36,-3421713.0
SZ002641,2024-03-04,2.5,152399365.56,-211670.0
SZ002641,2024-03-05,2.46,146183215.08,-584398.0
SZ002641,2024-03-06,2.55,152683465.67,1086165.0
SZ002641,2024-03-07,2.43,143682771.18,-1480163.0
SZ002641,2024-03-08,2.33,139262793.3,-1157700.0
SZ002641,2024-03-11,2.46,149773045.95,1543203.0
SZ002641,2024-03-12,2.39,146904055.0,-876370.0
SZ002641,2024-03-13,2.32,142485837.24,-826535.0
SZ002641,2024-03-14,2.32,141605026.2,52800.0
SZ002641,2024-03-15,2.47,152560391.76,1844100.0
SZ002641,2024-03-18,2.48,154811116.59,83561.0
SZ002641,2024-03-19,2.36,147213417.39,-1498560.0
SZ002641,2024-03-20,2.0,137730844.26,-4353230.0
SZ002641,2024-03-21,1.93,131638298.82,-878553.0
SZ002641,2024-03-22,2.0,133838797.47,843635.0
SZ002641,2024-03-25,1.93,127727785.12,-906805.0
SZ002641,2024-03-26,1.82,122967375.21,-1342795.0
SZ002641,2024-03-27,1.82,116186514.22,31400.0
SZ002641,2024-03-28,1.85,120460758.83,428000.0
SZ002641,2024-04-02,1.93,127274852.2,931863.0
SZ002641,2024-04-03,2.08,134234651.25,1778813.0
SZ002641,2024-04-08,2.07,128995553.7,-125595.0
SZ002641,2024-04-09,2.14,136892628.51,933319.0
SZ002641,2024-04-10,2.14,131031733.98,-11695.0
SZ002641,2024-04-11,2.21,135440706.42,832395.0
SZ002641,2024-04-12,2.2,132609822.1,-133700.0
SZ002641,2024-04-15,2.09,122292687.75,-1317400.0
SZ002641,2024-04-16,2.1,113319470.73,185400.0
SZ002641,2024-04-17,2.29,133934051.46,2324900.0
SZ002641,2024-04-18,2.19,126790510.59,-1336700.0
SZ002641,2024-04-19,2.11,123158609.46,-936600.0
SZ002641,2024-04-22,2.02,117241166.3,-1037900.0
SZ002641,2024-04-23,1.94,114045871.82,-1085960.0
SZ002641,2024-04-24,2.01,118321581.82,894500.0
SZ002641,2024-04-25,1.95,115300171.2,-732600.0
SZ002641,2024-04-26,1.96,116578973.38,165640.0
SZ002641,2024-04-29,2.11,129160428.64,1853900.0
SZ002641,2024-04-30,1.71,97460327.58,-4945100.0
SZ002641,2024-05-06,1.9,108874393.76,2369000.0
SZ002641,2024-05-07,1.99,114995412.3,1002800.0
SZ002641,2024-05-08,1.9,106651585.95,-1027200.0
SZ002641,2024-05-09,2.14,123304854.03,2963700.0
SZ002641,2024-05-10,2.07,117719341.89,-867960.0
SZ002641,2024-05-13,1.98,109706186.01,-1102200.0
SZ002641,2024-05-14,2.02,112860641.97,480600.0
SZ002641,2024-05-16,2.14,121736302.38,1435800.0
SZ002641,2024-05-17,2.22,128135522.83,971158.0
SZ002641,2024-05-20,2.15,124388681.83,-798900.0
SZ002641,2024-05-21,2.04,115965236.89,-1366958.0
SZ002641,2024-05-22,2.11,120827683.36,885300.0
SZ002641,2024-05-23,1.99,108423581.07,-1565600.0
SZ002641,2024-05-24,1.91,103005794.4,-903729.0
SZ002641,2024-05-27,1.92,103446489.6,46800.0
SZ002641,2024-05-28,1.87,99714412.8,-535880.0
SZ002641,2024-05-29,1.87,99793683.2,-35000.0
SZ002641,2024-05-30,1.87,98300467.02,28187.0
SZ002641,2024-05-31,1.87,97713537.21,24900.0
SZ002641,2024-06-03,1.85,94949761.59,-330400.0
SZ002641,2024-06-04,1.9,96031082.97,595500.0
SZ002641,2024-06-05,1.9,93348181.66,89090.0
SZ002641,2024-06-06,1.87,92791624.51,-429100.0
SZ002641,2024-06-07,1.83,93348725.61,-422620.0
SZ002641,2024-06-11,1.77,88806263.84,-729133.0
SZ002641,2024-06-12,1.86,94115975.04,1025800.0
SZ002641,2024-06-13,1.8,90150501.42,-694707.0
SZ002641,2024-06-14,1.81,91000169.48,154207.0
SZ002641,2024-06-17,1.76,86500639.42,-624935.0
SZ002641,2024-06-18,1.8,88930287.29,443300.0
SZ002641,2024-06-19,1.78,87345991.42,-230900.0
SZ002641,2024-06-20,1.78,85355903.1,-60100.0
SZ002641,2024-06-21,1.88,94141773.74,1301500.0
SZ002641,2024-06-24,1.77,84812888.11,-1384830.0
SZ002641,2024-06-25,1.78,86441200.54,136592.0
SZ002641,2024-06-26,1.8,89934097.5,266559.0
SZ002641,2024-06-27,1.76,86880296.0,-485876.0
SZ002641,2024-06-28,1.75,84710261.82,-165300.0
SZ002641,2024-07-02,1.78,87377305.26,344300.0
SZ002641,2024-07-03,1.77,86220585.0,-126199.0
SZ002641,2024-07-04,1.75,82988085.95,-217528.0
SZ002641,2024-07-05,1.77,84643158.36,259900.0
SZ002641,2024-07-08,1.75,81371551.82,-231281.0
SZ002641,2024-07-09,1.77,84484174.32,246570.0
SZ002641,2024-07-10,1.76,82965597.88,-168500.0
SZ002641,2024-07-11,1.78,86280292.89,292237.0
SZ002641,2024-07-12,1.78,85878470.16,-46500.0
SZ002641,2024-07-15,1.76,84081047.24,-237400.0
SZ002641,2024-07-16,1.76,83683111.05,65500.0
SZ002641,2024-07-17,1.81,86652570.25,539852.0
SZ002641,2024-07-18,1.81,86536901.0,27600.0
SZ002641,2024-07-19,1.8,85503591.25,-94600.0
SZ002641,2024-07-22,1.79,84991869.34,-190106.0
SZ002641,2024-07-23,1.79,85048761.88,14739.0
SZ002641,2024-07-24,1.76,82263000.4,-385200.0
SZ002641,2024-07-25,1.78,84256775.14,351000.0
SZ002641,2024-07-26,1.82,86889464.46,452900.0
SZ002641,2024-07-29,1.81,85991759.88,-174400.0
SZ002641,2024-07-30,1.82,87363401.62,180800.0
SZ002641,2024-07-31,1.86,90730957.68,453400.0
SZ002641,2024-08-01,1.88,91713433.68,248100.0
SZ002641,2024-08-02,1.93,93319127.25,585367.0
SZ002641,2024-08-05,1.9,90751983.75,-295200.0
SZ002641,2024-08-06,1.92,92745338.0,209400.0
SZ002641,2024-08-07,1.92,92199217.5,-18700.0
SZ002641,2024-08-08,1.97,95049514.0,606500.0
SZ002641,2024-08-09,1.96,94548198.75,-66200.0
SZ002641,2024-08-12,1.91,90256224.0,-676900.0
SZ002641,2024-08-13,1.93,92281241.0,279600.0
SZ002641,2024-08-14,1.91,90548115.35,-264834.0
SZ002641,2024-08-15,1.91,91368145.08,29500.0
SZ002641,2024-08-16,1.88,88684381.53,-393300.0
